Fighter,ELO
Jon Jones,1826.8766221197802
Georges St-Pierre,1776.8913063581351
Islam Makhachev,1773.3143102755866
Francis Ngannou,1764.7088987536852
Max Holloway,1740.7922523202144
Amanda Nunes,1725.1446897548033
Ilia Topuria,1717.8498997695401
Khabib Nurmagomedov,1716.6384266460614
Alex Pereira,1715.3398596499687
Kamaru Usman,1707.4606665117242
Stipe Miocic,1700.5697219395317
Valentina Shevchenko,1698.5672131184124
Anthony Johnson,1698.3951749719117
Dustin Poirier,1695.5693630709272
Charles Oliveira,1692.3572405781913
Demetrious Johnson,1689.0998120854015
Merab Dvalishvili,1686.3753471708262
Magomed Ankalaev,1684.904357460245
Alexander Volkanovski,1682.4983606515195
Tom Aspinall,1681.4256288471308
Cain Velasquez,1680.9787747462117
Ciryl Gane,1680.3300992831216
Khamzat Chimaev,1679.459294792022
Carlos Ulberg,1679.1875208806036
Alexander Volkov,1679.1707486119155
Daniel Cormier,1678.8113673018145
Michael Morales,1675.446729000108
Arman Tsarukyan,1674.9523645231131
Dricus Du Plessis,1674.689558705284
Aljamain Sterling,1672.5663467984793
Ian Machado Garry,1668.4720363081315
Belal Muhammad,1667.378544607825
Petr Yan,1664.6443304206075
Gegard Mousasi,1663.2220068378597
Justin Gaethje,1662.9253007814511
Lerone Murphy,1662.2615703464223
Jack Della Maddalena,1661.7702650933045
Nassourdine Imavov,1660.3260789069593
Carlos Prates,1659.839032188298
Glover Teixeira,1659.8011219710884
Cory Sandhagen,1659.0274742869703
Robert Whittaker,1658.840022920803
Leon Edwards,1657.2999267406317
Derrick Lewis,1655.8382846476654
Ryan Bader,1653.3366158133852
Conor McGregor,1651.067489655785
Curtis Blaydes,1650.9741649689447
Don Frye,1649.165956455576
Sergei Pavlovich,1648.9320140583086
Song Yadong,1648.6788622567956
Michael Bisping,1648.2528669634416
Arnold Allen,1648.1235286590986
Sean O'Malley,1647.7565263638915
Brendan Allen,1646.4069289317797
Steve Garcia,1645.9956154199454
Movsar Evloev,1645.6050621319523
John Lineker,1644.7931170932072
Deiveson Figueiredo,1644.5755721626992
TJ Dillashaw,1644.2029605208843
Joaquin Buckley,1643.774962739643
Maycee Barber,1643.3574682689834
Shavkat Rakhmonov,1641.5486580140416
Francisco Trinaldo,1639.9157947724464
Waldo Cortes Acosta,1638.9121367347009
Israel Adesanya,1638.4014167058156
Joshua Van,1637.4204218828395
Manon Fiorot,1637.120837167493
Alexandre Pantoja,1636.3833663829057
Azamat Murzakanov,1635.028958915905
Yoel Romero,1633.3459456511546
Lyoto Machida,1632.8150547066805
Jon Fitch,1631.5270870777745
Joel Alvarez,1631.1775595061347
Yair Rodriguez,1630.6985127179669
Sean Strickland,1629.7105061544441
Zhang Weili,1629.4899235743123
Anthony Hernandez,1629.1143724894755
Jan Blachowicz,1628.5913309568211
Colby Covington,1627.5379590797506
Tatsuro Taira,1626.192030160525
Roman Dolidze,1624.6316565827246
Paddy Pimblett,1624.3467574877234
TJ Grant,1623.126259278687
Gregory Rodrigues,1622.9567230578393
Montel Jackson,1622.3412787651364
Natalia Silva,1621.6501838709594
Manel Kape,1620.8223540904912
Vicente Luque,1620.521799582915
Tim Sylvia,1620.0247470075785
Rose Namajunas,1619.2315523028146
Marlon Vera,1618.1083164503218
Diego Lopes,1617.8096870238278
Aiemann Zahabi,1617.7233475617954
Bryan Battle,1617.6455971106618
Jailton Almeida,1617.4479510619049
Rustam Khabilov,1617.3464764240832
Benson Henderson,1616.7339113084613
Benoit Saint Denis,1616.5341013710195
Jiri Prochazka,1616.4764367495661
Randy Brown,1615.9905320956902
Umar Nurmagomedov,1615.8046686362763
Daniel Rodriguez,1615.7292239462017
Tyron Woodley,1615.6497565326858
Erin Blanchfield,1615.335176460971
Demian Maia,1614.3651859013012
Kyoji Horiguchi,1613.9653956226352
Tatiana Suarez,1613.55332988297
Mairbek Taisumov,1612.7771575468792
Robbie Lawler,1612.5801261064476
Fares Ziam,1611.6169721568156
Joseph Benavidez,1611.3966405893616
Gregor Gillespie,1611.1147021530148
Rob Font,1610.7216932041151
Michael Chiesa,1610.038718449771
Neil Magny,1608.7065107474177
Joe Pyfer,1608.6712900044824
Matt Hughes,1608.3362280959432
Norma Dumont,1607.736321322091
Thiago Silva,1607.6410356568174
Dan Hooker,1607.2994798283087
Derek Brunson,1607.0868860894063
Kenny Florian,1606.8543850058525
Dong Hyun Kim,1606.715684785378
Mateusz Gamrot,1606.5136194366867
Fabricio Werdum,1606.2443678170036
Grant Dawson,1606.1128666524455
Chris Gutierrez,1606.0345804304447
Alistair Overeem,1605.5221893349194
Anderson Silva,1605.5084722624943
Rinat Fakhretdinov,1605.2698503223726
Mario Bautista,1604.9769792737548
Manuel Torres,1604.238875128906
Josh Emmett,1604.2362859375658
Christian Leroy Duncan,1603.9674230221103
Henry Cejudo,1603.9257028268833
Jairzinho Rozenstruik,1603.8745409690048
Muhammad Mokaev,1603.7104232854854
Caio Borralho,1602.6720035520204
Beneil Dariush,1602.6127361251397
Vitor Belfort,1602.497785781117
Brandon Moreno,1600.9127045436317
Zak Cummings,1600.367777500596
Dominick Reyes,1600.2284025098963
Volkan Oezdemir,1600.1663303681287
Michal Oleksiejczuk,1600.1431754065668
Drakkar Klose,1600.0553593531881
Li Jingliang,1599.842381379276
Jorge Masvidal,1599.3107494146004
Randy Couture,1599.1082091175845
Raquel Pennington,1598.8921132618696
Rich Franklin,1598.730062184992
Jose Aldo,1598.5182841183193
Gillian Robertson,1598.4583367030841
Jared Cannonier,1597.6650162744993
Alexander Hernandez,1597.3092718828518
Frank Shamrock,1596.7024033060475
Jonathan Martinez,1596.5108009402197
Rory MacDonald,1595.9692400733807
Cristiane Justino,1595.899683338216
Uros Medic,1595.51340480008
Dustin Jacoby,1595.426378146958
Gabriel Bonfim,1594.9754364799644
Royce Gracie,1594.6186190456972
James Krause,1594.4388324665777
Nathaniel Wood,1594.0312549199707
Ludovit Klein,1593.9863062108664
Chad Mendes,1593.5938730739213
Sean Brady,1593.5655797928769
Mike Malott,1593.5395570822704
Nate Diaz,1593.2817420525762
Marcos Rogerio de Lima,1593.1669450674924
Geoff Neal,1593.0267650865396
Edmen Shahbazyan,1593.0253718600327
Jean Silva,1592.7856070527978
Zabit Magomedsharipov,1592.3565699162843
Matt Mitrione,1592.2154442013834
Cub Swanson,1592.2047370782373
Jake Matthews,1591.830694008603
Phil Davis,1591.7117903070225
Josh Barnett,1591.3164635265205
Thiago Santos,1591.1735308645493
Chuck Liddell,1589.8877252728523
Matt Brown,1589.7894819992366
Erik Perez,1589.4563532453478
Kelvin Gastelum,1589.434011915801
Anthony Pettis,1588.77036558301
Denise Gomes,1588.120928735279
Paul Felder,1587.4332856305027
Renato Moicano,1586.776770079342
Matt Hamill,1586.7324716719202
Ikram Aliskerov,1586.6984935790995
Julianna Pena,1586.5297304068506
Uriah Hall,1586.3066511324187
Bogdan Guskov,1586.1956014048028
Jim Miller,1585.88694115431
Bryce Mitchell,1585.8364811754716
Quinton Jackson,1585.7603186674248
Germaine de Randamie,1584.7768737625604
Raoni Barcelos,1584.6681927409422
Paulo Costa,1584.611479878189
Rick Story,1583.907645419988
Pedro Rizzo,1583.0291962423003
Muslim Salikhov,1582.886467795071
Elias Theodorou,1582.4051731636607
Amanda Lemos,1582.2295850723985
Farid Basharat,1582.1254824907246
Payton Talbott,1581.8281752838918
Alan Belcher,1581.3288675344463
Shane Carwin,1581.2226084612328
Cheick Kongo,1581.1974123353702
Sean Woodson,1580.8443967823148
Mairon Santos,1580.622471001584
Chan Sung Jung,1580.5473926531106
Mark Kerr,1580.5045764856532
Ignacio Bahamondes,1580.233396062622
Mike Swick,1580.2266307874518
Brian Ortega,1580.182369798218
Brunno Ferreira,1579.7554219020903
Mackenzie Dern,1579.741799495008
Junior Dos Santos,1579.4855427910018
Youssef Zalal,1579.0909825417687
Nate Quarry,1579.0777151853524
Khalil Rountree Jr.,1578.9343606552595
Stephen Thompson,1578.6514256525447
Gilbert Burns,1578.396688832384
Chris Duncan,1578.350272044203
Dominick Cruz,1578.2223985795492
Virna Jandiroba,1578.2204733796907
Quillan Salkilld,1578.0703081598194
Nursulton Ruziboev,1577.4095129569757
Melquizael Costa,1577.299654596697
Yan Xiaonan,1577.0492825844763
Mike Pierce,1576.5944485248372
Vinicius Oliveira,1576.531967363227
Yushin Okami,1576.4265049428896
Shane Burgos,1576.3729014760802
Matt Lindland,1576.2513326365693
Joanderson Brito,1576.090561918871
Chas Skelly,1575.9779394194102
Dan Ige,1575.7869111723398
Santiago Ponzinibbio,1575.6451116922372
Jalin Turner,1575.6201862203607
Ateba Gautier,1575.4525696257765
David Teymur,1575.3160973965469
Roger Huerta,1575.3099547599318
Michel Prazeres,1575.2924389881314
John Dodson,1575.0594508376537
Rafael Fiziev,1575.0454912703676
Jacqueline Cavalcanti,1574.8405617218125
Kevin Lee,1574.3399611405907
Pat Miletich,1574.3210781110733
Daniel Marcos,1574.3188648672594
Shara Magomedov,1574.0225435037094
Irene Aldana,1573.9477109983584
Dustin Ortiz,1573.8709210427708
Chris Padilla,1572.9328561552904
Rashid Magomedov,1572.8895363424738
Sage Northcutt,1572.6591384435435
Martin Buday,1572.3500324393053
Rafael Dos Anjos,1572.3226507215536
Kai Kara-France,1572.0746012961463
John Hathaway,1571.9517688093201
Giga Chikadze,1571.6552940355737
Anthony Rocco Martin,1571.6156334296923
Corey Anderson,1571.514739914196
Ricardo Lamas,1571.3915660340379
Nasrat Haqparast,1571.3247147579652
Dan Severn,1571.094212457878
Omari Akhmedov,1570.956678989779
Melvin Guillard,1570.8696350177538
Luana Santos,1570.191014777044
Laverne Clark,1570.1181327281902
Marcin Tybura,1570.1136653632952
Johny Hendricks,1570.0228394484964
Kevin Vallejos,1569.9258026514021
Johnny Walker,1569.7275923607956
Thales Leites,1569.6180202738246
Khaos Williams,1569.310836434161
Asu Almabayev,1569.2824424652517
Joselyne Edwards,1568.88119666116
William Gomis,1568.592974843362
Chepe Mariscal,1568.4922510690312
Bo Nickal,1567.9482035281333
Sean Sherk,1567.7627129876603
Amir Albazi,1567.6069115230093
Al Iaquinta,1567.0988059787173
Miranda Maverick,1566.9096016188005
Ronda Rousey,1566.6806491369468
Tabatha Ricci,1566.4007176837185
Myktybek Orolbai,1566.3519668948386
Raul Rosas Jr.,1566.089533253927
Ricky Simon,1565.8558261556882
Pat Sabatini,1565.7247355291634
Jacare Souza,1565.5356201666484
Jeremiah Wells,1565.5116229992152
Daniel Santos,1565.0039308574696
Taylor Lapilus,1564.8361797836735
Jasmine Jasudavicius,1564.6836707400353
Carla Esparza,1564.5501679938611
Myles Jury,1564.5088384072021
Adrian Yanez,1564.2876340119612
Marcus McGhee,1564.0222008622877
Drew Dober,1563.9908887081222
Sam Patterson,1563.7901715866406
Elizeu Zaleski dos Santos,1563.7610760660157
Nazim Sadykhov,1563.4012166351056
Krzysztof Jotko,1563.079014734849
Urijah Faber,1562.854989489698
Dooho Choi,1562.8423548132855
Jordan Johnson,1562.7981339092075
Rinya Nakamura,1562.7561499104659
Forrest Griffin,1562.5751763986154
Rashad Evans,1562.4825979934858
Kevin Holland,1562.4680910880684
Reinier de Ridder,1562.325498079446
Modestas Bukauskas,1562.2003759102743
Said Nurmagomedov,1562.1842887648866
Ailin Perez,1561.7732710325572
Charles Johnson,1561.731251563737
Ricco Rodriguez,1561.5998119882038
JunYong Park,1561.524697728726
Albert Tumenov,1561.328573747252
Tracy Cortez,1561.3198792302414
Shawn Jordan,1561.1488786652158
Punahele Soriano,1560.9432623840194
Vitor Petrino,1560.8589587378262
Mansur Abdul-Malik,1560.7743222295555
Mike Davis,1560.5139493789477
Nicolas Dalby,1560.294866234411
Tony Ferguson,1560.0235650024879
Alexa Grasso,1559.941438214707
Andre Lima,1559.8580223677227
Tagir Ulanbekov,1559.848786893647
Nate Maness,1559.678598422626
Loopy Godinez,1559.3296603311633
Lorenz Larkin,1559.2786857662827
Leonardo Santos,1559.2537867174487
Gunnar Nelson,1559.155786956563
Katlyn Cerminara,1558.8151805863804
Alex Caceres,1558.4090632538678
Chris Curtis,1558.1490044995082
Dennis Siver,1558.1429529598172
Zhang Mingyang,1557.4409877193295
David Onama,1556.9602415182508
Roman Kopylov,1556.5629432018552
Eddie Alvarez,1556.5530771053084
Frankie Edgar,1556.4946467608083
Diego Ferreira,1556.4381714343929
Justin Willis,1556.2397285735724
Dan Hardy,1556.1338582866572
Mauricio Ruffy,1556.0742660937617
Mark Munoz,1555.9839671315863
Mick Parkin,1555.6152681986068
Alexandr Romanov,1555.5244414715378
Kayla Harrison,1555.4924271083432
Oleg Taktarov,1555.4048879022682
Tom Breese,1555.3685086293078
Joel Sutton,1555.2181327544893
Jessica Andrade,1555.2148184352973
Jens Pulver,1555.0523578200796
Kaue Fernandes,1554.7930707012529
Travis Browne,1554.5966257519985
Michael Johnson,1554.2837685653903
Jared Rosholt,1553.6698341845613
Alan Jouban,1553.4856286159975
Jamahal Hill,1553.0319612159967
Matthew Riddle,1552.4472615512168
Alexander Gustafsson,1552.4457395440159
Mark Hunt,1552.3494915503766
Sergio Pettis,1552.1405949281339
Gerald Harris,1552.08903943261
Kyler Phillips,1551.9571899693426
Alejandro Perez,1551.8053620009032
Cody Garbrandt,1551.7074181048954
Casey O'Neill,1551.4664610605541
Darren Till,1551.2575790742044
Ryan Hall,1551.19536451293
Tito Ortiz,1551.1700387148214
Jeff Molina,1551.1559411443147
Iasmin Lucindo,1550.9921725225
Michael McDonald,1550.9659732492926
Paul Daley,1550.6711678374106
Esteban Ribovics,1550.6227328133632
Muhammad Naimov,1550.5936829489963
Rafa Garcia,1550.4549196876549
Alonzo Menifield,1550.4083092450617
Edimilson Souza,1549.9894091103508
Fatima Kline,1549.80536521137
Abel Trujillo,1549.6920073610333
Michael Page,1549.492760507415
Jimmie Rivera,1549.4758772868586
Ruslan Magomedov,1549.464084287978
Alberto Mina,1549.4409717850265
Karol Rosa,1549.324111764939
Patrick Smith,1549.1634531947639
Martin Kampmann,1548.940120506618
Patrick Cote,1548.8045023952675
Nik Lentz,1548.7827490262466
Dan Henderson,1548.564602065271
Guy Mezger,1548.4748728416178
Carlos Condit,1548.417677315686
Michel Pereira,1548.1710192469786
Diego Sanchez,1548.0708592767783
Allan Nascimento,1548.0038927323546
Kennedy Nzechukwu,1547.9316490728047
Tecia Pennington,1547.8250787754378
Evan Tanner,1547.6421174353434
Roy Nelson,1547.641590151086
Jordan Leavitt,1547.458076166308
Valter Walker,1547.3144564563659
Darren Elkins,1547.2612514596656
Rafael Estevam,1547.2202819291797
Joanna Jedrzejczyk,1547.1501393709134
Ketlen Vieira,1546.8327043913566
Mario Pinto,1546.6656587458117
Loma Lookboonmee,1546.6351230095158
Murilo Bustamante,1546.5899382736466
Magomed Mustafaev,1546.5014441894768
Nikita Krylov,1546.4665796660183
Ramazan Temirov,1546.3457469163825
David Martinez,1546.3215283872137
Davey Grant,1546.2702480299017
Chase Hooper,1546.1899045827445
Nurullo Aliev,1546.1406631035343
Ryan LaFlare,1546.108018058814
Raphael Assuncao,1546.060630260217
Brett Johns,1545.8117169008071
Karine Silva,1545.731087192537
Rani Yahya,1545.6600299941972
Adlan Amagov,1545.5691538343106
Navajo Stirling,1545.5020446357933
Tom Nolan,1545.4639667006675
Tai Tuivasa,1545.347918955965
SuYoung You,1545.1128218206632
Zubaira Tukhugov,1545.0871426966346
Pedro Munhoz,1545.0545207002278
Edson Barboza,1545.0188891096243
Ben Rothwell,1544.9596037554775
Victor Henry,1544.6379667688477
Macy Chiasson,1544.562514785145
Ryan Spann,1544.5427537303924
Chris Weidman,1544.4574358296936
Damir Ismagulov,1544.3954392143312
MarQuel Mederos,1544.3906517222492
JJ Aldrich,1544.3153613305062
Iuri Alcantara,1544.172828118333
Jose Delgado,1543.671713704609
Jamey-Lyn Horth,1543.6684474713588
Constantinos Philippou,1543.6637382108206
Luke Rockhold,1543.5380014407144
Tim Boetsch,1543.2279210320792
King Green,1543.0253046917421
Jorge Rivera,1542.9723640627794
Julio Arce,1542.7808591430567
Oumar Sy,1542.718386697444
Jacobe Smith,1542.5691883672084
Makhmud Muradov,1542.5415741141874
Desmond Green,1542.4092489145714
Mark Hall,1542.1538590011614
Chris Lytle,1542.024850614884
John Moraga,1541.8856781867555
Bas Rutten,1541.8528145830767
Brady Hiestand,1541.5817398315241
Josh Koscheck,1540.8588582530908
Chris Wade,1540.6659669216453
Thiago Alves,1540.4189365337077
Philipe Lins,1540.3973864165748
Jon Madsen,1540.123009229052
Jared Gordon,1540.050543015572
Ilir Latifi,1539.99619308668
Brandon Royval,1539.8683740070137
Askar Askarov,1539.804907397074
Viscardi Andrade,1539.459262032928
Elijah Smith,1539.1186654273308
Aaron Simpson,1539.0822158505946
Alatengheili,1539.0514196329893
Eduarda Moura,1539.0306328162942
Don Madge,1538.8965137687414
Baisangur Susurkaev,1538.7088317778991
Andre Fili,1538.6518623159654
Marvin Vettori,1538.6118962799355
Terrance McKinney,1538.5361795042616
Mark Bocek,1538.44360642195
Kurt Pellegrino,1538.3540144422122
Ismail Naurdiev,1538.2148481816773
Tyson Pedro,1538.0561863863911
Brian Stann,1538.0280383342747
Jordan Mein,1537.9515445023067
Ramiz Brahimaj,1537.9472192901083
Jesus Aguilar,1537.8053637403955
Luis Pena,1537.803234709617
Donald Cerrone,1537.7874864807136
Joe Lauzon,1537.5328520560897
Karo Parisyan,1537.3228366768246
Jean Matsumoto,1537.008504788149
Kyung Ho Kang,1536.9336437994896
Stevie Ray,1536.4753761602442
Wang Cong,1536.3485486124175
Jaqueline Amorim,1536.2997400778063
Enrique Barzola,1536.2914565278336
Claudia Gadelha,1536.081600209754
Brian Foster,1536.0469145777213
Maurice Smith,1535.9761691174167
Chidi Njokuani,1535.9659447118652
Ray Borg,1535.911484952484
Seokhyeon Ko,1535.8931626516712
Sodiq Yusuff,1535.7795925851583
Caio Magalhaes,1535.6939302667818
Melissa Gatto,1535.6846861357424
Charles Jourdain,1535.654880449866
Lyman Good,1535.619330575994
Stephan Bonnar,1535.6046612838525
Chael Sonnen,1535.4263943251347
Olivier Aubin-Mercier,1535.3207738897745
Casey Kenney,1535.2871917047794
Hakeem Dawodu,1535.2186035453979
Megan Anderson,1535.1733665406712
Alexia Thainara,1535.0754248431026
Francis Carmont,1535.0535823576627
Calvin Kattar,1535.0222536136407
Cesar Almeida,1534.8770272802133
Carli Judice,1534.7299234609313
Abus Magomedov,1534.6850558983003
Nick Diaz,1534.653338205105
Serghei Spivac,1534.5013912802153
Gary Goodridge,1534.4717467127657
Malcolm Wellmaker,1534.314941889534
Che Mills,1533.9705731045003
Oban Elliott,1533.7790406755644
Phil Rowe,1533.7371617748631
Tom Lawlor,1533.6315714938316
Dean Lister,1533.2481077691643
Holly Holm,1533.2159210982363
Lauren Murphy,1533.1289113969508
Norman Parke,1533.0796555719044
Douglas Silva de Andrade,1533.0255440650221
Curtis Millender,1532.9443832300644
Cam Rowston,1532.8099298356474
Vladimir Matyushenko,1532.8013496910703
Frank Mir,1532.701760849856
Phillip Miller,1532.6294310193025
Talita Alencar,1532.479948303096
Aleksandre Topuria,1532.0491933471158
Michael Graves,1531.9734567680857
Chris Holdsworth,1531.9134163699537
Johnny Case,1531.785345914046
Charles Radtke,1531.7337961804126
Alex Perez,1531.5273941032624
Arjan Bhullar,1531.5105842812739
Jacob Volkmann,1531.4096670792776
Matt Serra,1531.3941775289973
Diego Brandao,1531.3844494027474
Mark Schultz,1531.361606985624
Mohammed Usman,1531.1993321962073
Ali Bagautinov,1531.1620131165992
Jeff Monson,1531.0887039643205
Mizuki,1531.0672825535607
Jimmy Crute,1530.6989163881149
Claude Patrick,1530.6734219583798
Alex Hunter,1530.5640107365195
Azamat Bekoev,1530.3788014471593
Jamall Emmers,1530.3210296575674
Piera Rodriguez,1530.3080549088954
Yadier del Valle,1530.2044289101782
Mark Coleman,1530.1366140036505
Jack Shore,1530.0428697423185
Todd Duffee,1530.0415347298667
Vinc Pichel,1529.8955401968713
Marcus Davis,1529.8896131968631
Remco Pardoel,1529.883480018253
Max Griffin,1529.8671620047546
Iwo Baraniewski,1529.7641459763136
Felicia Spencer,1529.7451210891538
Islam Dulatov,1529.6267517259364
Themba Gorimbo,1529.4804059301289
Anthony Smith,1529.4019807685388
Daniil Donchenko,1528.8
DongHun Choi,1528.8
Rafael Carino,1528.8
Brando Pericic,1528.8
Sione Latu,1528.8
Onassis Parungao,1528.8
Cesar Marscucci,1528.8
Marcelo Mello,1528.8
Tulio Palhares,1528.8
Josh Hokit,1528.8
Jon Hess,1528.8
Jonathan Wiezorek,1528.8
Soa Palelei,1528.494847472691
Siyar Bahadurzada,1528.4184351647175
Johnny Rhodes,1528.317460084706
David Terrell,1528.3097119138924
Nicolae Negumereanu,1528.2644625566725
Sergey Khandozhko,1528.2638313505452
Sam Hughes,1528.1730416941064
Mark Madsen,1528.1477998060118
Robert Peralta,1528.0814272298692
John Makdessi,1528.024849088283
Yousri Belgaroui,1527.9947865219322
Shamil Gaziev,1527.9396526335167
Sean Pierson,1527.6681381997928
Mikey Burnett,1527.6186871530856
Mason Jones,1527.5385236114005
Karl Williams,1527.4647531996486
Santiago Luna,1527.327838390257
Rousimar Palhares,1527.1053540038863
Jack Hermansson,1526.86143425266
Steve Jennum,1526.742521452032
Khalid Murtazaliev,1526.4986754393879
Wanderlei Silva,1526.3712080585478
Taiyilake Nueraji,1526.1681287089034
Charlie Campbell,1526.095491906283
Joaquim Silva,1526.0291081726084
Ikuhisa Minowa,1525.9998820260807
Magnus Cedenblad,1525.9520111493111
Eryk Anders,1525.7504970293871
Krzysztof Soszynski,1525.729461635575
Taila Santos,1525.536761097249
Marco Tulio,1525.3816567393285
Aspen Ladd,1525.3523711777932
Adriano Martins,1525.143023901509
Brian Ebersole,1525.1403928546674
Aleksandar Rakic,1525.1150629420608
Jake Shields,1525.0853123425538
Tim Elliott,1525.0220122918527
Hermes Franca,1524.971472918003
Jack Jenkins,1524.8979049770633
Alden Coria,1524.8247525569398
Luke Riley,1524.5374656123472
Claudio Silva,1524.5212874241909
Viviane Araujo,1524.4585666135658
Jerry Bohlander,1524.4316805741557
Dave Beneteau,1524.2719533919937
Tim Kennedy,1524.1526009378736
Mike Kyle,1524.1373850392033
Lavar Johnson,1524.131854166586
Jonny Parsons,1524.0922152363803
Shi Ming,1524.0
Tom Murphy,1524.0
Sara McMann,1523.7768745378248
Da'Mon Blackshear,1523.4536631171218
Yana Santos,1523.4184028670302
Rogerio Nogueira,1523.3133724156473
Marco Ruas,1523.300243235688
Jeremy Kennedy,1523.255426985674
Brock Lesnar,1523.175718013017
Joanne Wood,1522.8757082856641
Nora Cornolle,1522.6996408245618
Sergio Moraes,1522.6961452709104
Marc Diakiese,1522.4484192368361
Paige VanZant,1522.3390662827767
Mirsad Bektic,1522.2990540725061
Steven Asplund,1522.2440722693366
Ricardo Almeida,1522.0769264224834
Antonio Carlos Junior,1521.7626454120027
Yaroslav Amosov,1521.7400685200637
Mike Perry,1521.7260576116823
Felipe Lima,1521.6844837699111
Axel Sola,1521.636563601296
Sumudaerji,1521.5827956997725
Kajan Johnson,1521.5804720110336
Ronnie Lawrence,1521.4684821803958
Tom Duquesnoy,1521.4600939385793
Steve Bosse,1521.395203602279
Dennis Bermudez,1521.33814016108
Bryan Caraway,1521.2007257060077
Michael Trizano,1521.0779154562908
Jonathan Pearce,1520.896884836536
Abdul-Kerim Edilov,1520.6863414285626
Nina Nunes,1520.6633424976153
Saidyokub Kakhramonov,1520.6528575198008
Kyle Nelson,1520.4890461647144
Mike Russow,1520.4877932540462
Jacob Malkoun,1520.408106334235
Davi Ramos,1520.1370920523912
Antoni Hardonk,1520.0842487231203
Luana Carolina,1520.030568719648
Josh Samman,1519.9245375568332
Billy Elekana,1519.7269078786849
ChangHo Lee,1519.725238015396
Ian Freeman,1519.7056959519268
Nordine Taleb,1519.5340671092647
Maiquel Falcao,1519.2394123801162
Alex Morono,1519.1686029949774
Gleison Tibau,1519.0779793055242
Jafel Filho,1518.9481220712978
Renato Sobral,1518.8441997722905
James Vick,1518.6264793083963
Montana De La Rosa,1518.574298652623
Cezary Oleksiejczuk,1518.4360687677545
Ethyn Ewing,1518.40958570482
Rodolfo Vieira,1518.4085462498913
Hyder Amil,1518.2471833675982
Daria Zhelezniakova,1518.1425104137315
Sanae Kikuta,1518.0751365793924
Timur Valiev,1518.0464175489997
Mateusz Rebecki,1518.0118165781319
Serhiy Sidey,1517.9963813770253
Andre Roberts,1517.986867552828
Tomasz Drwal,1517.9534681423906
Alex Garcia,1517.930363024204
Kenichi Yamamoto,1517.895208216816
Michelle Montague,1517.7322250564373
Steve Erceg,1517.6420192955386
Lucas Martins,1517.4990000122036
Sergey Morozov,1517.4949611578295
Tim Credeur,1517.4086880920538
Paul Sass,1517.1714888315653
Ovince Saint Preux,1517.1380680280165
Ed Herman,1517.0180090956599
Lee Murray,1516.799375489902
Dmitry Sosnovskiy,1516.7992750560572
Javier Vazquez,1516.7857105292571
Steve Nelmark,1516.603581016043
Jonathan Micallef,1516.5360893659115
Leslie Smith,1516.5029003883967
Montse Rendon,1516.396581772827
Ramazan Emeev,1516.3388998543571
Wang Guan,1516.3273567768583
Julian Erosa,1516.1581213286704
Jussier Formiga,1516.0475475236663
HyunSung Park,1516.019450028614
Scott Adams,1516.0
Aliaskhab Khizriev,1516.0
Mark Hughes,1516.0
Yoshiki Takahashi,1516.0
Justin Martin,1516.0
Logan Clark,1516.0
Ben Earwood,1516.0
Bob Cook,1516.0
Enson Inoue,1516.0
Kazushi Sakuraba,1516.0
Guilherme Pat,1516.0
Denzel Freeman,1516.0
Frank Hamaker,1516.0
Hamdy Abdelwahab,1515.9692028851402
Wilson Gouveia,1515.9621453501393
Brian Melancon,1515.9131387272885
Dwayne Cason,1515.90217726639
Andre Petroski,1515.8810884335685
Gabriella Fernandes,1515.8523748504676
Morgan Charriere,1515.8255983379363
Carlos Felipe,1515.721601863626
Jennifer Maia,1515.653761470733
Mike Wilkinson,1515.6494179466342
Jakub Wiklacz,1515.491041171615
Danny Silva,1515.4654857341422
Ebenezer Fontes Braga,1515.3591127738334
Cody Haddon,1515.3115791902885
Genki Sudo,1515.2976013366472
Tyrone Roberts,1515.2327437371189
Bia Mesquita,1515.2278402284967
Keith Hackney,1515.05903377158
Stephanie Luciano,1515.0447562946847
Miles Johns,1515.0343092287253
Zach Reese,1514.9402508236144
Donte Johnson,1514.9239685754344
Torrez Finney,1514.8965137687414
Marina Rodriguez,1514.8286234160564
Paul Kelly,1514.6883309052978
Andrei Arlovski,1514.5930160492999
Jarjis Danho,1514.5694562121564
Scott Ferrozzo,1514.5660072904193
Falaniko Vitale,1514.5246422721248
Billy Quarantillo,1514.4514617826978
George Sotiropoulos,1514.277352656485
Jason Saggo,1514.2304721497947
Fredy Serrano,1514.2126176487302
Timothy Johnson,1514.164577021504
Aoriqileng,1514.0590103430911
Juan Espino,1514.040237094767
Ben Nguyen,1514.0192329405265
Adam Wieczorek,1513.9909339701098
Kiichi Kunimoto,1513.9708388926974
Cung Le,1513.8858007657216
Aisling Daly,1513.8632929573923
Josefine Knutsson,1513.7080701334364
BJ Penn,1513.6703117289026
Evan Dunham,1513.6334415071487
Luis Saldana,1513.5174811355307
Gan McGee,1513.3964764088023
Paddy Holohan,1513.2246873736265
Christian Rodriguez,1513.2137528717747
Daron Cruickshank,1513.0647129924203
Ante Delija,1513.0416710243146
Brad Kohler,1512.9115296819393
Abdul Rakhman Yakhyaev,1512.890876408066
Michael Aswell Jr.,1512.6682246152818
Liz Carmouche,1512.6557922943364
Mauricio Rua,1512.6385586802612
Ron Waterman,1512.6034747393392
Alexis Davis,1512.55693539762
Drew McFedries,1512.374085977931
Kyle Noke,1512.3585630811226
Nick Sanzo,1512.3373262611403
Alex Oliveira,1512.2431989866293
Chris Cariaso,1512.2037450806301
David Loiseau,1512.1105504130487
Bryan Barberena,1512.056615936906
Cathal Pendred,1512.0377105989253
Yanal Ashmouz,1512.0249407543577
Julia Polastri,1511.9797620098077
Aleksei Kunchenko,1511.9702456946816
Matheus Nicolau,1511.8574598125438
Drew Fickett,1511.753489325825
John Castaneda,1511.7259729436516
Ken Shamrock,1511.6276176767954
Troy Mandaloniz,1511.6261442189657
Brad Riddell,1511.555118449017
Roberto Traven,1511.4767404191607
Muin Gafurov,1511.475880931018
Gray Maynard,1511.3179846768026
Tallison Teixeira,1511.3171004470228
Kyle Daukaus,1511.264678328215
Timmy Cuamba,1511.195005939812
Isaac Dulgarian,1511.024901994269
Cheyanne Vlismas,1510.6150986320717
Kevin Jackson,1510.6013692811478
Melissa Croden,1510.4775620750995
Melsik Baghdasaryan,1510.4698069436567
Tim Means,1510.1881937179462
Patricio Freire,1510.1053621614606
Michael Chandler,1510.1048172160727
Robert Bryczek,1510.0873478413223
Elves Brener,1510.0463217727329
Jimi Manuwa,1510.0246771416842
Nick Denis,1509.9385037548104
Rich Attonito,1509.9335715179402
Tony Gravely,1509.828300452209
CB Dollaway,1509.804904958698
Chad Laprise,1509.6999810720201
Ryan Janes,1509.6867169551472
Jutaro Nakao,1509.6524651104294
Tedd Williams,1509.5088128081843
Cody Brundage,1509.4643669964607
Andrey Pulyaev,1509.2523703137388
Ronaldo Rodriguez,1509.23482403742
Vitor Miranda,1509.2108434204874
Ion Cutelaba,1509.1873265385684
Manny Bermudez,1509.0918795361351
Kevin Randleman,1509.044997628423
Brad Tavares,1508.9767388827745
Semmy Schilt,1508.8948459730018
Joseph Morales,1508.867840391496
Cody Stamann,1508.7687342635618
Brad Blackburn,1508.5712346054604
Cezar Ferreira,1508.384286727621
Tanner Boser,1508.013157386709
Evan Elder,1507.9954866657781
Tony Fryklund,1507.9573823369358
Thiago Tavares,1507.9063644412806
Rony Jason,1507.876272571356
Pablo Garza,1507.866315053623
Jhonata Diniz,1507.832462163506
Terry Etim,1507.7374238451098
Tatsuya Kawajiri,1507.6689615273037
Da Woon Jung,1507.6549940376071
Katsuhisa Fujii,1507.5687964589627
Josh Thomson,1507.5359324161848
Rodolfo Bellato,1507.4436686157123
Miesha Tate,1507.3677700168578
Wesley Correira,1507.2966774788852
Lone'er Kavanagh,1507.2551190612444
Clint Hester,1507.1502671758103
Luke Barnatt,1507.0966230688477
Austin Vanderford,1506.9238801688389
War Machine,1506.8965137687414
Tyson Nam,1506.6995444191227
Daniel Kelly,1506.657491984161
Ildemar Alcantara,1506.6382147303561
Scott Holtzman,1506.601283013941
Rodrigo Nascimento,1506.563595966905
Augusto Sakai,1506.525489587404
Abdul Razak Alhassan,1506.4765231685788
Din Thomas,1506.3316800296805
Marcio Cruz,1506.311149837421
Chris Clements,1506.2555126144423
Royston Wee,1506.2099924476909
Diego Nunes,1506.1647761565791
Veronica Hardy,1506.1597911125496
Paul Buentello,1506.0966828807072
Guangyou Ning,1506.0419869236266
Chris Daukaus,1505.7805153913746
Nikolas Motta,1505.5505406840043
Amir Sadollah,1505.5229276516066
Shane Nelson,1505.518032899747
Rich Clementi,1505.48003133862
Antonio Carvalho,1505.3052448527721
Damon Jackson,1505.0102587874128
Rob Emerson,1504.9973392478985
Trey Waters,1504.915033399095
JooSang Yoo,1504.7970670701498
Thiago Moises,1504.7916069206383
Priscila Cachoeira,1504.7869075602332
Steven Nguyen,1504.643017159771
Geza Kalman,1504.5675365246507
Nate Marquardt,1504.4918300066488
Justin Tafa,1504.2398665561873
Javid Basharat,1504.2396185424998
Diego Rivas,1504.214544163426
Brendan Schaub,1504.2014399172479
Dongi Yang,1504.0120268966512
Steven Siler,1503.9843118066644
Yazmin Jauregui,1503.9794270046725
Sam Adkins,1503.8896301708842
Gavin Tucker,1503.84710306718
Julia Avila,1503.7588331002835
Elias Silverio,1503.6398789691066
Jake O'Brien,1503.6132070520725
Amanda Ribas,1503.5819714713818
Joe Solecki,1503.5551182349802
Caolan Loughran,1503.4643117856288
Joe Slick,1503.0186650436801
Sijara Eubanks,1502.9240546362535
Mike van Arsdale,1502.896945306789
Maximo Blanco,1502.852077976966
Joe Charles,1502.7771915384492
Carlston Harris,1502.6195820624255
Andre Muniz,1502.6154373541217
Carlos Vera,1502.5703463370012
Erik Koch,1502.44110096006
Joe Duffy,1502.4096983027246
Tai Bowden,1502.3818672455106
Trey Ogden,1502.3176769383638
Molly McCann,1502.2741848295427
Austin Bashi,1502.1594273596356
Rongzhu,1502.1001403067105
Travis Fulton,1502.0390233307983
Daniel Omielanczuk,1501.965381818213
Uran Satybaldiev,1501.9137623706638
Abubakar Nurmagomedov,1501.9089400962375
Justin McCully,1501.8449713080472
Daniel Zellhuber,1501.6120271202333
Nicco Montano,1501.5492155587417
Jonathan Meunier,1501.5488243017132
Victor Hugo,1501.50735412731
Rei Tsuruya,1501.4520935510943
Jesus Pinedo,1501.449738576224
Paul Taylor,1501.336387382929
Tony Kelley,1501.2913515710327
Orlando Wiet,1501.266059425036
Claudio Puelles,1501.241939353502
Ian Heinisch,1501.110979416343
Chris Kelades,1501.0917210407015
Joe Moreira,1501.0208758521649
Bekzat Almakhan,1501.0190299788244
Dione Barbosa,1500.9517965421903
Brianna Fortino,1500.9432621380688
Fernando Padilla,1500.8420721968464
Benito Lopez,1500.760527571446
Junie Browning,1500.757239377801
Ernesta Kareckaite,1500.736306793522
Lucas Rocha,1500.7291170485073
Antonina Shevchenko,1500.6968568120137
Melissa Mullins,1500.5925628826028
Mark Godbeer,1500.5712210809813
Gabe Green,1500.560208739591
Eddie Yagin,1500.5136054934308
Julius Walker,1500.5095770575924
Dan Bobish,1500.5064874609072
Keith Rockel,1500.4857257984763
Dan Christison,1500.3792881236868
Danny Henry,1500.3120374454807
Dan Cramer,1500.301542464215
KJ Noons,1500.290246486732
Joe Stevenson,1500.2895112363274
John Gunther,1500.2716760578867
Nick Maximov,1500.2486901097552
Jack Nilson,1500.1959756149804
Matt Frevola,1500.155308581434
Shauna Bannon,1500.1540796824593
Danny Castillo,1500.1448798312229
Nick Ring,1500.1280540212385
Thomas Almeida,1500.1224625396997
Kenny Robertson,1500.074988188123
Sai Wang,1500.0368908883145
Lance Benoist,1500.0070202810766
Mackens Semerzier,1500.0
Patrick Walsh,1499.9785574024916
Colby Thicknesse,1499.9701611695064
Djorden Santos,1499.929246102974
Wilson Reis,1499.8963525011231
Nah-Shon Burrell,1499.8706758574547
Loik Radzhabov,1499.8686850125478
Anthony Macias,1499.8493261404678
Hector Sandoval,1499.844370993764
Gabriel Santos,1499.8390856298895
Gauge Young,1499.7802615735802
Luke Cummo,1499.7453933444208
Galore Bofando,1499.739715449483
Gabriel Gonzaga,1499.608475031876
Edgar Chairez,1499.5730875409604
Devonte Smith,1499.541251987595
Alan Patrick,1499.5370583863366
Matheus Camilo,1499.527850909987
David Branch,1499.521983922031
Sirwan Kakai,1499.4898416825351
Mike Nickels,1499.4126280604223
Levan Makashvili,1499.3985060692157
Ariane Carnelossi,1499.3332860840767
Viviane Pereira,1499.3174165637345
Scott Bessac,1499.2735773565294
Dave Strasser,1499.263693206478
Shinsho Anzai,1499.243103007569
Song Kenan,1499.114830485977
Mitch Gagnon,1498.8897320742144
Yves Edwards,1498.8694455559428
Matt Veach,1498.7758654989404
Clayton Carpenter,1498.7466013545022
Chris Camozzi,1498.7025697409276
Eddie Sanchez,1498.6675500094598
Bartosz Fabinski,1498.645618767649
Puja Tomar,1498.5445349934723
Andrei Semenov,1498.5003843018221
Jamal Pogues,1498.4402565058324
Bea Malecki,1498.4239613761608
Carlos Leal,1498.4196911083793
Marlon Moraes,1498.4169603602127
Tony Sims,1498.3541093541144
Natan Levy,1498.1849785637135
Jonathan Brookins,1498.0663061353887
Ryan Jimmo,1498.063375257053
Jeremy Horn,1498.0591307070404
Magomed Gadzhiyasulov,1498.0012532940898
Francisco Rivera,1497.9546730849922
Tyson Griffin,1497.9252424461256
Ricardo Abreu,1497.888241108741
Gokhan Saki,1497.8875049135752
Naoki Inoue,1497.7275077066997
Anying Wang,1497.6181327544894
Buddy Roberts,1497.5511091446533
Alice Ardelean,1497.406415474741
David Dvorak,1497.3874571260526
Angela Hill,1497.2535006314845
Cristian Quinonez,1497.2396134327134
Mirko Filipovic,1497.2346732526914
Jesse Taylor,1497.148258151357
Clay Guida,1497.089039130175
Marcus Bossett,1497.0051511580166
Ivan Jorge,1496.981391100675
Francimar Barroso,1496.9491724645038
Trevor Prangley,1496.8638110893971
Robert Whiteford,1496.8637946094198
Lance Gibson,1496.8126246699785
Zhang Lipeng,1496.742448866588
Walt Harris,1496.6867126095665
Luke Jumeau,1496.6715061680893
Batgerel Danaa,1496.6703097364855
Chris Leben,1496.4545549593051
Albert Duraev,1496.4436877701326
John Lewis,1496.43406155288
Mana Martinez,1496.3735917674112
Niko Price,1496.3634012761884
Spencer Fisher,1496.3625095241648
Christian Aguilera,1496.3550049896014
Andreas Gustafsson,1496.2701816294139
Francisco Figueiredo,1496.2425784268853
Shayilan Nuerdanbieke,1496.0467160503413
Cory McKenna,1496.0380169930686
Kendall Grove,1496.0038645651175
Chance Rencountre,1495.9163856215
Ramsey Nijem,1495.8891897059175
Yizha,1495.827975885313
Jose Torres,1495.6754641396667
John Cholish,1495.452284265611
Jose Ochoa,1495.4319731509265
Blagoy Ivanov,1495.4065427651146
Jake Hadley,1495.239838572959
Brandon Vera,1495.1967480967112
Reza Madadi,1495.1700892313465
Kevin Jousset,1495.109302410293
Aleksandra Albu,1495.084693937778
Waylon Lowe,1495.0625006103467
Spike Carlyle,1495.0357248862676
Ben Alloway,1494.9484091417662
Roland Delorme,1494.9259798012347
Garrett Armfield,1494.879865819151
Amaury Bitetti,1494.7023571914767
Luigi Fioravanti,1494.4951516988287
Hunter Azure,1494.440122994719
Marcel Fortuna,1494.1849381512902
James Wilks,1493.9114123937673
Ricardo Ramos,1493.9029582017154
Maryna Moroz,1493.7867222137263
Billy Ray Goff,1493.6599973052687
Nick Catone,1493.6221452508664
Tae Hyun Bang,1493.620042075172
Mounir Lazzez,1493.605070273824
Ronny Markes,1493.5234840366695
Yuki Kondo,1493.4070133338146
Xiao Long,1493.316380297273
Vanessa Demopoulos,1493.2910424370523
Benardo Sopaj,1493.0034060875478
Nate Loughran,1492.883792858686
Stephanie Egger,1492.88062605121
Jarred Brooks,1492.8676170107428
Cat Zingano,1492.801331830857
Roan Carneiro,1492.7183234806907
Maxim Grishin,1492.7173419883968
Klaudia Sygula,1492.647557680584
Robelis Despaigne,1492.6179957455338
Dale Hartt,1492.5873157509711
Trevor Peek,1492.5679959127046
Brandon Thatch,1492.5027422554963
Fabio Maldonado,1492.4680205755146
Bruno Lopes,1492.3504699575674
Ivan Menjivar,1492.3119874991064
Jake Hecht,1492.2491293101402
Ian McCall,1492.2458925268668
Bruno Silva,1492.1601008611556
Poliana Botelho,1492.0937342383954
Ben Askren,1492.061382036694
Roman Mitichyan,1492.0
Josiane Nunes,1491.9828292111256
Kyle Watson,1491.9499952925435
Igor Araujo,1491.9105883598777
Cyrille Diabate,1491.8581290463883
Felice Herrig,1491.842174447311
Bojan Velickovic,1491.7955480460012
Takeya Mizugaki,1491.7731440319
Juliana Miller,1491.766285084431
Kevin Ferguson,1491.750555260948
Viktoriia Dudakova,1491.5730884028155
Darren Uyenoyama,1491.5190300467023
Leah Letson,1491.2393275338477
Dennis Hallman,1491.2102207889432
James Te Huna,1491.1540495537852
Bolaji Oki,1491.1174736551602
Rameau Thierry Sokoudjou,1490.9843564925177
Nad Narimani,1490.969825532233
Joe Ellenberger,1490.895539809717
Jose Quinonez,1490.8427080887207
Nicholas Musoke,1490.840058210871
Nick Osipczak,1490.8316371952076
Ozzy Diaz,1490.7961279561441
Miguel Torres,1490.6709847666084
Antonio Rodrigo Nogueira,1490.6623293519299
Jon Tuck,1490.5713752537708
Danny Barlow,1490.5155749834873
Tainara Lisboa,1490.508537644905
Leandro Silva,1490.4332788696693
Matt Wiman,1490.3472895719437
Rizvan Kuniev,1490.164257818069
Cameron Saaiman,1490.1482637192635
Jake Rosholt,1489.991748838134
Pingyuan Liu,1489.9316283903124
Nick Thompson,1489.8732225866274
Gaston Bolanos,1489.8246829531272
Pannie Kianzad,1489.7146980595924
John Salter,1489.6116113074472
Rafael Natal,1489.5965473592425
Jesse Lennox,1489.5541043394003
Paul Varelans,1489.4576114144957
Tsuyoshi Kohsaka,1489.4392637090048
Valerie Letourneau,1489.4290820679894
Pascal Krauss,1489.3814728691648
Shamil Gamzatov,1489.3473986592974
Zak Ottow,1489.1566142775264
Roman Bogatov,1489.0991858957366
James Toney,1489.0744491532937
Aleksei Oleinik,1488.9780846157962
Sasha Palatnikov,1488.9274254359502
Zach Makovsky,1488.9076572885515
Akihiro Gono,1488.90606458277
Curt Warburton,1488.8792541301107
Ron van Clief,1488.8518870212556
Chad Anheliger,1488.8272768915906
Bill Algeo,1488.8158077975727
Masanori Kanehara,1488.7499261771363
Mike Easton,1488.7318198566202
Mads Burnell,1488.6729362251926
Sheldon Westcott,1488.6426884561884
Scott Askham,1488.64183160796
Hyun Gyu Lim,1488.6091237691082
Justin Scoggins,1488.602115114467
Steven Graham,1488.5232595808393
Benji Radach,1488.5059161050551
Julian Sanchez,1488.441922987353
Cole Miller,1488.3384608052852
Brock Larson,1488.321810439383
Neil Seery,1488.2773763450532
Todd Medina,1488.2605514304232
Stanislav Nedkov,1488.2454564587922
Jeremy Stephens,1488.0507261983355
Russell Doane,1487.7927148423216
Leandro Issa,1487.7038031835402
Chris Haseman,1487.6404912910173
Jason Lambert,1487.636940343338
Mickael Lebout,1487.603680173832
Heath Herring,1487.6028859215621
Jeff Joslin,1487.5186516599385
Jamie Mullarkey,1487.492777051361
Tristan Connelly,1487.4614624194635
Riki Fukuda,1487.2333887132993
Anthony Torres,1487.2
Alexander Munoz,1487.191617256372
Brian Bowles,1487.1279318485015
Erick Silva,1487.1255876275175
Alessandro Costa,1487.1194668417309
Bruno Santos,1487.0886480761087
Klidson Abreu,1487.077155722952
Greg Soto,1487.0303222181772
Cameron Smotherman,1487.0150698331086
Eduardo Garagorri,1487.0149716839103
Chris Gruetzemacher,1486.952629526527
Isaac Thomson,1486.8680263352717
Shannon Gugerty,1486.7929133718865
Daichi Abe,1486.7180284233607
John Lober,1486.7027024048336
Marcus Buchecha,1486.6931636136771
Nathan Coy,1486.6898202963014
Augusto Montano,1486.6884120194725
Irwin Rivera,1486.659944956132
Mike Ricci,1486.644376089685
JeongYeong Lee,1486.6254757698564
Minoki Ichihara,1486.623384580807
Junior Tafa,1486.5995768182272
Mike Ciesnolevicz,1486.590023861821
Robert Ruchala,1486.516827798938
Chico Camus,1486.4575788814423
Hugo Viana,1486.4398402417378
Steve Vigneault,1486.4198342862223
Junior Assuncao,1486.403831544369
Tuco Tokkos,1486.3651155366908
Carlos Eduardo Rocha,1486.3580487753811
Lara Procopio,1486.336229169209
Scott Morris,1486.2927531091955
Adam Yandiev,1486.2435733090608
Robert McDaniel,1486.2344814888916
Sultan Aliev,1486.2231540119658
Jorge Patino,1486.1581162495072
Saygid Izagakhmaev,1486.1250879832307
John Gunderson,1486.0772772454284
Glaico Franca Moreira,1486.0166741638584
Ketlen Souza,1485.993515487363
Rob Broughton,1485.9688591080223
Homer Moore,1485.9489003404992
Shonie Carter,1485.9414406938154
Daniel Barez,1485.8605023077619
Mitch Raposo,1485.8217728416132
Liliya Shakirova,1485.7427375261552
Brandon Melendez,1485.7194643178218
Paul Jones,1485.703170377375
James Moontasri,1485.6736781491368
Valmir Lazaro,1485.6503570423922
Joe Proctor,1485.6322730155132
Tarec Saffiedine,1485.6221799691466
Rudyard Moncayo,1485.5953845542745
Renzo Gracie,1485.5628553123724
John Maguire,1485.56011856216
Felipe Silva,1485.507802795047
Louie Sutherland,1485.5070038567412
Shem Rock,1485.4508465284841
Azunna Anyanwu,1485.4358728782763
Warlley Alves,1485.4039616501827
Mark Choinski,1485.3670516923246
Tony Halme,1485.3232595808392
Melton Bowen,1485.3232595808392
Lance Gibson Jr.,1485.3016202598842
Caros Fodor,1485.2041881605476
Ramon Taveras,1485.2039380150607
Chris Beal,1485.2032294263233
Mike Whitehead,1485.1034862312586
Josh Shockman,1485.1034862312586
Joao Roque,1485.1034862312586
Austin Springer,1485.0656538573041
Maurice Greene,1485.0472672232406
Tom Gallicchio,1484.9998510132164
Carlo Prater,1484.96114815367
Tofiq Musayev,1484.9525014121516
Zviad Lazishvili,1484.919060567936
Jesse Bongfeldt,1484.8516379392831
Alex Karalexis,1484.8177147441556
Alvin Hines,1484.7990680881446
Cindy Dandois,1484.7753944721428
Michinori Tanaka,1484.7726729683689
Yuki Sasaki,1484.7639119212724
Reginaldo Vieira,1484.7528819700356
Adrian Serrano,1484.736306793522
CM Punk,1484.736306793522
Paul Rodriguez,1484.736306793522
John Marsh,1484.736306793522
Bill Mahood,1484.736306793522
Felipe Arantes,1484.7229424550949
Jason High,1484.7095260508
Brok Weaver,1484.7086732725734
Alberta Cerra Leon,1484.7059347301797
Joe Son,1484.7043580966838
Rob MacDonald,1484.7023986633528
Eddie Ruiz,1484.6903347088362
Ryan Parker,1484.6698121718312
Trent Jenkins,1484.6054703135735
Ryan Roberts,1484.5545868661727
Pete Spratt,1484.5032751042127
Carlos Mota,1484.5018928367506
Danyelle Wolf,1484.4875316811922
Tiago dos Santos e Silva,1484.4603885903969
Jeff Hougland,1484.4419737687845
Joe Jordan,1484.4280493945976
Luis Pajuelo,1484.4261597244515
Phil Johns,1484.4229225020952
Carlos Barreto,1484.3992403380096
Anton Kuivanen,1484.3848845947666
Steve Bruno,1484.2798105677477
Antonio McKee,1484.2667234613714
Juliana Lima,1484.2475943506784
Brian Johnston,1484.2357056705887
Kevin Christian,1484.179907934365
Joe Merritt,1484.17445625472
Denis Kang,1484.1724085192454
Nate Landwehr,1484.1430137920224
Rainy Martinez,1484.1327702668764
Jason Knight,1484.1139052093954
Sarah Kaufman,1484.108664794521
Andrew Craig,1484.0939424999538
Yancy Medeiros,1484.0569719849377
Anthony Njokuani,1484.0528749199484
Stevie Lynch,1484.0442461430541
Jesse Sanders,1484.0339081301693
Melinda Fabian,1484.0302561746732
Yuta Sasaki,1484.027309497001
Alice Pereira,1484.019144912218
Heather Clark,1484.0029729229482
Tyler Diamond,1484.0
Jay Cucciniello,1484.0
Igor Severino,1484.0
Mike King,1484.0
Chris Saunders,1484.0
Chris Tickle,1484.0
David Hood,1484.0
Bharat Kandare,1484.0
James Mulheron,1484.0
Keith Berish,1484.0
Richie Smullen,1484.0
Allan Zuniga,1484.0
Brad Gumm,1484.0
Chuck O'Neil,1484.0
Tina Lahdemaki,1484.0
Daniel Spohn,1484.0
Zygimantas Ramaska,1484.0
Noe Hernandez,1484.0
Ryan McGillivray,1484.0
Allan Goes,1484.0
Joe Giannetti,1484.0
Antonio Banuelos,1484.0
Darrel Gholar,1484.0
Flavio Luiz Moura,1484.0
Stephen Bass,1484.0
Dustin Neace,1484.0
Eric Martin,1484.0
Baergeng Jieleyisi,1484.0
Wallid Ismail,1484.0
Marcus Silveira,1484.0
Donnie Chappell,1484.0
Bob Gilstrap,1484.0
Joe Pardo,1484.0
Karine Gevorgyan,1484.0
Christina Marks,1484.0
Maia Stevenson,1484.0
Mark Scanlon,1484.0
Sako Chivitchian,1484.0
Brendan Loughnane,1484.0
Bruno Korea,1484.0
Shane Primm,1484.0
Jules Bruchez,1484.0
Neil Grove,1484.0
Derek Downey,1484.0
Marcin Wrzosek,1484.0
Abner Lloveras,1484.0
Humberto Brown Morrison,1484.0
Keigo Kunihara,1484.0
Roger Gracie,1484.0
Alex Gorgees,1484.0
Justin Wren,1484.0
Duda Santana,1484.0
Frank Lester,1484.0
SeungGuk Choi,1484.0
Bobby Southworth,1484.0
James Hammortree,1484.0
Richard Crunkilton,1484.0
Romie Aram,1484.0
Rodolfo Rubio Perez,1484.0
Leigh Remedios,1484.0
Nick Serra,1484.0
Zach Light,1484.0
Peggy Morgan,1484.0
Dave Galera,1484.0
Vinicius Queiroz,1484.0
Aaron Wilkinson,1484.0
Anistavio Medeiros,1484.0
John Teixeira,1484.0
Justin Frazier,1484.0
Michel Batista,1484.0
Aaron Brink,1484.0
Jianping Yang,1484.0
Alex Stiebling,1484.0
James Zikic,1484.0
Cory Hendricks,1484.0
Tyler Toner,1484.0
Izabela Badurek,1484.0
Billy Miles,1484.0
David Baron,1484.0
John Polakowski,1484.0
Dante Rivera,1484.0
Nazareno Malegarie,1484.0
Jon Manley,1484.0
Dan Barrera,1484.0
Dorian Price,1484.0
John Kolosci,1484.0
Chris Spang,1484.0
Adam Cella,1484.0
Marek Bujlo,1484.0
Cory Walmsley,1484.0
Collin Hart,1484.0
Justin James,1484.0
Alex Torres,1484.0
Rocky Lee,1484.0
Gilbert Smith,1484.0
Steve Byrnes,1484.0
Sean Daugherty,1484.0
Thaddeus Luster,1484.0
Allen Frye Jr.,1484.0
Kevin Rosier,1484.0
Eric Nolan,1484.0
Ernie Verdicia,1484.0
Chris Brennan,1483.9976440930338
Floyd Sword,1483.9947516423138
Kit Cope,1483.96052503518
Jeff Newton,1483.9323273572415
Marcelo Guimaraes,1483.9180214051044
Nick Pace,1483.914849049914
Branden Lee Hinkle,1483.9144369535422
Kamuela Kirk,1483.88421394749
Jordan Rinaldi,1483.8656048127687
Marco Beltran,1483.8608674229285
Satoshi Honma,1483.8360393017963
Kelly Dullanty,1483.7770569482227
Jess Liaudin,1483.7146682826447
Jason Von Flue,1483.697751360839
Willamy Freire,1483.6410189151202
Cole Smith,1483.6393916148222
Kleydson Rodrigues,1483.5996047449223
Nissen Osterneck,1483.5989636612658
Jai Herbert,1483.5237060649488
Rory Singer,1483.5125242666347
Scott Junk,1483.5113126472233
Renan Barao,1483.492157302829
Ray Wizard,1483.4716687226055
Nick Hein,1483.3681258704478
Fabio Gurgel,1483.3671317857388
Khusein Askhabov,1483.3602100511278
Scott Baker,1483.3552475251945
Allen Berube,1483.3552431630605
Maciej Jewtuszko,1483.350652854108
Angel Pacheco,1483.3443413167583
Ronald Jhun,1483.3325560384628
John Yannis,1483.3322553816977
Lewis Gonzalez,1483.3230843514991
Joshua Weems,1483.298477274819
Eddie Mendez,1483.2944804308365
Yuri Vaulin,1483.2774008023073
Kristian Rothaermel,1483.263693206478
Dean Barry,1483.263693206478
Milton Vieira,1483.263693206478
Courtney Turner,1483.263693206478
Masio Fullen,1483.2603936436672
Shunichi Shimizu,1483.2595223038325
Chris Liguori,1483.251623743497
Bogdan Grad,1483.2444471170559
Kimo Leopoldo,1483.2422293064928
Filip Pejic,1483.2098165296143
Sabina Mazo,1483.2050801931555
Fred Ettish,1483.202894854012
Mark Weir,1483.1646697821939
Eliot Marshall,1483.164597119267
Trevin Giles,1483.1323726550127
Austin Lingo,1483.063336979428
Johnny Bedford,1483.058689602736
Devin Powell,1482.99247447977
Alex Andrade,1482.9733403955356
Nyamjargal Tumendemberel,1482.9609057044902
Alibi Idiris,1482.929912973593
Matt Lucas,1482.9151197472893
Emily Ducote,1482.8787071789689
Marcus Aurelio,1482.8198438459078
Danielle Taylor,1482.796800034709
Guilherme Vasconcelos,1482.742093507917
Sam Hoger,1482.7243107457734
David Michaud,1482.7206686675258
Dmitri Stepanov,1482.6767404191608
Geraldo de Freitas,1482.6679757464785
Felipe Olivieri,1482.6593888958967
Hacran Dias,1482.6533141126317
Mayra Bueno Silva,1482.637053428649
Ian Loveland,1482.6220568039025
Isabela de Padua,1482.610462237266
Kody Steele,1482.6058855694102
Paul Georgieff,1482.6004900687183
William Knight,1482.5708378296683
Aaron Pico,1482.5541800495603
Cameron Dollar,1482.5192345718183
Bart Palaszewski,1482.513713172656
Robert Sanchez,1482.4933935592642
Andrew Sanchez,1482.4429631155965
Kyle Kingsbury,1482.4016766209288
Pawel Pawlak,1482.357888779185
Bassil Hafez,1482.3207314432018
Miguel Baeza,1482.1657670811878
Jessica-Rose Clark,1482.1442560289331
Andre Winner,1482.0704578237032
Armen Petrosyan,1482.025085018306
Dustin Kimura,1481.999225751995
Sung Bin Jo,1481.8782444758308
Ibo Aslan,1481.8714042358954
John Howard,1481.7676668631502
Louis Smolka,1481.7641563097372
Stefan Struve,1481.7402747152942
Justin Lawrence,1481.727889759342
Jamie Moyle,1481.7099490595817
Vernon White,1481.6907609617356
Justine Kish,1481.6670660408042
Goran Reljic,1481.6150512131749
Kaan Ofli,1481.5545765379075
Josh Culibao,1481.5453411736466
Matthew Semelsberger,1481.5334293757246
Yosdenis Cedeno,1481.5237262091036
Bruna Brasil,1481.4798122143127
Matthew Lopez,1481.4667342140401
Renato Verissimo,1481.3524450944994
Blake Bilder,1481.3075328420914
Chelsea Chandler,1481.1592419765025
Greg Hardy,1481.141434552279
Tamdan McCrory,1481.062515717669
Tom Blackledge,1481.0543097803506
Lando Vannata,1480.9416829317656
Guram Kutateladze,1480.9111215990006
Eugene Jackson,1480.8837775806826
Ricky Turcios,1480.8139121338254
Makwan Amirkhani,1480.7345800850346
Alexander Yakovlev,1480.6601398777316
Raulian Paiva,1480.6225464316105
Mandy Bohm,1480.5875021844918
Peter Sobotta,1480.5661632862561
Paul Creighton,1480.4754911196824
Rogerio Bontorin,1480.4424102868818
Adam Fugitt,1480.349703551746
Ismael Bonfim,1480.3074728311394
Carlos Hernandez,1480.3021844809018
Guido Cannetti,1480.2130168220208
Andre Pederneiras,1480.1704333361793
Felipe Bunes,1480.1271376259554
Yui Chul Nam,1480.0392737469174
Efrain Escudero,1479.9886713058725
Geane Herrera,1479.938313016877
Silvana Gomez Juarez,1479.914072026927
Carlos Newton,1479.8407391316819
Antonio Braga Neto,1479.680577360023
Gil Castillo,1479.6499930303655
Oskar Piechota,1479.6407592436992
Gustavo Lopez,1479.5815121072499
Luan Chagas,1479.4270600046184
Brian Kelleher,1479.36589266487
Jorge Gurgel,1479.325574263936
Mike Wessel,1479.32441168871
Hayato Sakurai,1479.303375463232
Darren Stewart,1479.182978244553
Zachary Scroggin,1479.0551977468504
David Bielkheden,1479.034376974114
Jason Day,1478.9380792794523
Corey Hill,1478.9193395265252
Travis Lutter,1478.7459602391325
Impa Kasanganay,1478.6710311487366
George Sullivan,1478.5692142001774
Luiz Cane,1478.4003615183815
Augusto Mendes,1478.2569591407298
Ivan Salaverry,1478.2513115443908
Noad Lahat,1478.246718248332
Mike Grundy,1478.2018493498315
Karlos Vemola,1478.1948115013302
Livinha Souza,1478.1883356813114
Nick Agallar,1478.0884043845163
Alexandre Barros,1478.0816097900272
Emil Meek,1478.0215936319353
Henry Martinez,1478.0165957863237
Brian Gassaway,1477.9848893712588
Sheymon Moraes,1477.9396398436495
Raphael Pessoa,1477.9356180672632
Mark Hominick,1477.8876581293994
Francis Marshall,1477.7840663183724
Devin Clark,1477.7045213826073
Keiichiro Yamamiya,1477.5792824398154
Jimy Hettes,1477.5789421425775
Jack Marshman,1477.5519913106534
Daniel Roberts,1477.5346695993346
Alex White,1477.4521134201784
Roosevelt Roberts,1477.3877284813393
Walel Watson,1477.3025773065144
Danny Roberts,1477.2427436100165
James Head,1477.2135340184402
Yoshinori Horie,1477.0892078296383
Gabriel Benitez,1476.9436057398625
Frankie Perez,1476.8492122403122
Terry Martin,1476.830732952819
Dustin Hazelett,1476.8211794340184
Luan Lacerda,1476.7576852806646
Darko Stosic,1476.7488491281415
TJ Waldburger,1476.7274659733523
Nick Roehrick,1476.633593177008
Luke Sanders,1476.5674729179125
Will Chope,1476.5644452921915
Sam Sicilia,1476.4717285704562
Deron Winn,1476.371802316961
Marcus LeVesseur,1476.1564668162844
Alessio Sakara,1476.1404191860254
Nadia Kassem,1476.081768133927
Brian Cobb,1476.0686332918463
Thiago Perpetuo,1476.0630092426588
Ken Stone,1476.0521268494024
Ange Loosa,1476.0408303401457
Rodrigo Ruas,1476.0407001262179
Mario Neto,1476.0
Icho Larenas,1476.0
Kerry Schall,1476.0
Steven Koslow,1476.0
James Giboo,1476.0
Kristof Midoux,1476.0
Bentley Syler,1476.0
Jared Rollins,1476.0
Nandor Guelmino,1476.0
Josh Bryant,1476.0
Danillo Villefort,1476.0
Marcus Jones,1476.0
Darrill Schoonover,1476.0
Rolles Gracie,1476.0
Martin Svensson,1476.0
Jamie Yager,1476.0
David Velasquez,1476.0
Lowell Anderson,1476.0
Ariel Beck,1476.0
Jermaine Andre,1476.0
Masutatsu Yano,1476.0
Marcos Vinicius,1476.0
Wagner Campos,1476.0
Feng Xiaocan,1476.0
Cal Worsham,1475.9983301701593
Fabiano Iha,1475.9605356454488
Greg Stott,1475.8291818162836
Steven Peterson,1475.8075805026285
Adam Milstead,1475.7848884304894
Dylan Andrews,1475.7509555478382
Thomas Ramirez,1475.7390472280754
Andre Ewell,1475.6784244438722
Jim Alers,1475.6749194212111
Rodrigo Damm,1475.5780783313417
Abdul-Kareem Al-Selwady,1475.447477221546
Tre'ston Vines,1475.384197300751
Kai Asakura,1475.3460108364593
Ode Osbourne,1475.323717260211
Matt Arroyo,1475.3147197516985
Victor Altamirano,1475.301484686126
Melissa Martinez,1475.2867510214708
Josh Hendricks,1475.268226763451
AJ Fletcher,1475.2407927526253
Luana Pinheiro,1475.2004357349838
Johnny Eduardo,1475.1890328815828
Danilo Marques,1475.1478380996436
Hugo Duarte,1475.144325849624
Kanako Murata,1475.1059597896308
Max Rohskopf,1475.093792372721
Kalib Starnes,1474.9743692583459
Michael Kuiper,1474.9710815071135
Isaac Vallie-Flagg,1474.9270528790084
Bubba Bush,1474.895539809717
Nate Schroeder,1474.895539809717
Godofredo Pepey,1474.8091560203475
Rex Holman,1474.78522596275
Mike Pyle,1474.7407825543582
Cody Durden,1474.5919572551884
Eric McConico,1474.5815293799874
Ben Sosoli,1474.5467917052372
DaMarques Johnson,1474.5163283670354
Shane Roller,1474.4029731687347
Luke Zachrich,1474.3519468719262
Sean Alvarez,1474.3447706531122
Ryo Chonan,1474.2716348926147
Yan Cabral,1474.2183225140827
Issei Tamura,1474.1028410857814
David Abbott,1474.0944116901653
Paul Craig,1474.06800386855
Carmelo Marrero,1474.0521598300775
Roger Zapata,1474.0151106287412
Mario Miranda,1474.0018839092809
Tony DeSouza,1473.931431328951
Scott Smith,1473.8422477740405
Rory Markham,1473.8268218298717
Felipe dos Santos,1473.7623138762017
Jerrod Sanders,1473.7300218591167
Ray Rodriguez,1473.6984579993448
Karolina Kowalkiewicz,1473.695906960141
Neil Wain,1473.6219422469146
Jason DeLucia,1473.6179976065723
Askar Mozharov,1473.6153647958442
Frank Caracci,1473.5818672455107
John Dowdy,1473.5818672455107
Koji Kitao,1473.5611553785186
Harry Hardwick,1473.543729650551
Parker Porter,1473.5324158750147
Patchy Mix,1473.4533283285596
Martin Sano,1473.4158265425692
Abu Azaitar,1473.4023015581367
Pete Rodriguez,1473.3179489874121
Cody McKenzie,1473.2469555553328
Ron Stallings,1473.204366224217
Ernest Chavez,1473.1781963642993
Omar Morales,1473.1776968175877
Chris Wilson,1473.1372597225698
Amanda Cooper,1473.1217125433307
Alexandre Ferreira,1473.1103549027393
Chad Griggs,1473.1085324760231
Nathan Fletcher,1473.0051457549944
Eric Shelton,1472.9850204645431
Bibulatov Magomed,1472.9373222084114
Viacheslav Borshchev,1472.903440879601
Willie Gates,1472.8796208988635
Don'Tale Mayes,1472.8648918102103
TJ Brown,1472.8521653779228
Igor Zinoviev,1472.6928137129437
Jim Mullen,1472.6341665865316
Randy Costa,1472.601850298305
Don Shainis,1472.5849111549126
Alex Nicholson,1472.575065373641
Roger Narvaez,1472.4264727136463
Marcelo Aguiar,1472.4208941406632
Mehdi Baghdad,1472.3998456036354
John Matua,1472.3866035309954
Derrick Noble,1472.370249014872
Jason Dent,1472.3675031425526
Alex Da Silva,1472.1969800334114
Bethe Correia,1472.1815690027045
Clifford Starks,1472.1435852122233
Shamar Bailey,1472.0938185665532
Matt Dwyer,1472.0550397415473
Matt Hobar,1472.0155762389372
Kai Kamaka,1471.9871607470232
Jared Gooden,1471.9761861239115
Cynthia Calvillo,1471.9675187748153
Harold Howard,1471.9542955730096
Nohelin Hernandez,1471.9253961008412
Damir Hadzovic,1471.9235356973181
Simeon Thoresen,1471.9066022931493
John Allan,1471.858956058787
Joe Riggs,1471.8233723532483
Vanessa Melo,1471.7982584128933
Jay Silva,1471.7094480898757
Rick Davis,1471.7064387334428
Akira Corassani,1471.642140533814
Wagner Prado,1471.5651450290645
Eddie Gordon,1471.5465342171074
Mac Danzig,1471.5436281485713
Kazula Vargas,1471.4553415979603
Hector Urbina,1471.41727017926
Francisco Prado,1471.397487954884
Paul Herrera,1471.397437179376
Rafael Alves,1471.3674109886924
Danny Chavez,1471.3601777475124
Roger Hollett,1471.33286966241
Marco Polo Reyes,1471.303046098852
Bobby Moffett,1471.286361373196
Ryan Madigan,1471.255212867014
Thomas Petersen,1471.2358378745214
Jason Brilz,1471.2096094340852
Todd Butler,1471.2
Eugenio Tadeu,1471.2
Tom Egan,1471.2
Cale Yarbrough,1471.2
Jack McGlaughlin,1471.2
Adriano Santos,1471.2
Josh Stuart,1471.2
Andy Anderson,1471.2
Kiru Sahota,1471.2
Matt Andersen,1471.2
Jackie Lee,1471.2
Albert Cheng,1471.2
Elisha Ellison,1471.2
Rodrigo Sezinando,1471.2
Francesco Maturi,1471.2
Jason Fairn,1471.2
Max Gimenis,1471.2
Emmanuel Yarborough,1471.2
Sean Gannon,1471.2
Lodune Sincaid,1471.2
Alex Schoenauer,1471.2
Chris Sanford,1471.2
Wade Shipp,1471.2
Asbel Cancio,1471.2
Richie Hightower,1471.2
Joey Roberts,1471.2
Chris Condo,1471.2
Paulo Santos,1471.2
Dave Berry,1471.2
Andy Wang,1471.2
Manuel Rodriguez,1471.2
Vernon Ramos Ho,1471.2
David Roberts,1471.2
Joey Gilbert,1471.2
Tim McKenzie,1471.2
Jason Thacker,1471.2
Fredson Paixao,1471.2
Josh Rafferty,1471.2
Delson Heleno,1471.2
Jimmy Quinlan,1471.2
Manolo Zecchini,1471.2
Gerald Strebendt,1471.2
Sherman Pendergarst,1471.2
David Levicki,1471.1563854804429
Francisco Trevino,1471.1467584639217
Maheshate,1471.0648543655946
Chris Barnett,1471.045054250957
Sean McCorkle,1471.006046672492
Elizabeth Phillips,1470.9486525651694
Jackson McVey,1470.9200933590944
Laureano Staropoli,1470.891601261136
Larry Cureton,1470.7796530322466
Dokonjonosuke Mishima,1470.6986381266152
Charles McCarthy,1470.6540428291296
Niklas Backstrom,1470.6524489528915
Rostem Akman,1470.5499879204274
Stefan Sekulic,1470.5480712876813
Peter Barrett,1470.52108125046
Danny Martinez,1470.5012247538452
Jose Johnson,1470.441285413358
Marcus Brimage,1470.4063128212608
Will Brooks,1470.3600919483345
Gerry Harris,1470.334661473286
Keith Jardine,1470.2944156952613
Cole Williams,1470.2832540040763
Joey Gambino,1470.2530657426043
Landon Quinones,1470.2504770714613
Shanna Young,1470.2462256250767
TJ Laramie,1470.2425197774794
Jason Godsey,1470.2163552166426
Crafton Wallace,1470.2086331614057
Josh Ferguson,1470.1819871300559
Solomon Hutcherson,1470.172910021257
Cortney Casey,1470.168962954474
Wagner Silva,1470.1595463197227
Pedro Falcao,1470.1413427336156
Per Eklund,1470.1286704120075
Jonathan Goulet,1470.1165565224421
Juancamilo Ronderos,1470.1060928570669
Paul Bradley,1470.0866660387337
Wes Albritton,1470.083301971515
Rolando Delgado,1470.0621107082975
Frankie Saenz,1470.0596133234224
Yoshiyuki Yoshida,1470.0394830951645
Houston Dorr,1470.03491902495
Townsend Saunders,1470.0310750038211
Josh Clopton,1470.0217948536617
Jarno Errens,1470.0148928242768
Marion Reneau,1469.996680835715
John Campetella,1469.98532112844
Keita Nakamura,1469.9603443945678
Danny Downes,1469.9321457057563
Lauren Mueller,1469.9288076669732
Enrique Marin,1469.920574105227
Matt Sayles,1469.9152182968714
Marc-Andre Barriault,1469.9081313609556
Jonathan Wilson,1469.8979881644798
Ednaldo Oliveira,1469.8907743818568
Reza Nasri,1469.8803566899385
Hailey Cowan,1469.8723468588605
Charlie Valencia,1469.8689068804676
Ryan Thomas,1469.850462853167
Eldo Xavier Dias,1469.830328789458
Shamil Abdurakhimov,1469.8126184819318
Cody Pfister,1469.811898855655
Tamires Vidal,1469.7820623748519
Yuneisy Duben,1469.7518012727267
Kevin Burns,1469.740455597633
Gabriel Silva,1469.7398928981995
Dan Argueta,1469.730317845653
Bruno Souza,1469.7024762663154
James McSweeney,1469.6824444615122
Julio Paulino,1469.6660108568985
Brock Jardine,1469.6364325058678
Daniel Spitz,1469.630277339837
Fernando Bruno,1469.5724526460297
Tim Gorman,1469.5204883891074
Mike Jackson,1469.493833007405
Amilcar Alves,1469.4876692954576
Domingo Pilarte,1469.4689886639821
Ottman Azaitar,1469.4491272386094
Roman Salazar,1469.447221893889
Azat Maksum,1469.4464558614682
Marcin Held,1469.4392484539183
Pearl Gonzalez,1469.4376752490725
Ravena Oliveira,1469.4226769587376
Jin Soo Son,1469.4177186171246
Ronys Torres,1469.4161331082964
Carl Deaton,1469.4153489184353
Harry Moskowitz,1469.406617699748
Liudvik Sholinian,1469.3952863365546
Clay Harvison,1469.3827445303825
Ivan Serati,1469.3805044008002
Gasan Umalatov,1469.3762522157404
David Heath,1469.3594940921125
Brian Geraghty,1469.3515889269088
Jordan Vucenic,1469.3258476035135
Jonavin Webb,1469.2979524679888
Tony Petarra,1469.2975802820442
Ramiro Hernandez,1469.2940488835413
Ryan Benoit,1469.284938223555
Matt Bessette,1469.2747712760886
Scott Fiedler,1469.2557941825642
Jorge Lopez,1469.246560500706
Edwin Figueroa,1469.2050338526922
Stewart Nicoll,1469.1947142866397
Joao Zeferino,1469.1753814152114
Josh Sampo,1469.1241601903675
Tateki Matsuda,1469.0558805662993
Tom Niinimaki,1469.0397346060017
Dieusel Berto,1469.01433072086
Keith Mielke,1469.01433072086
Pat Audinwood,1468.9940106912175
Hernani Perpetuo,1468.9919147117248
Braxton Smith,1468.9533075494885
Brian Houston,1468.9467397233107
James Lee,1468.9106775731627
Christos Giagos,1468.874877241399
Erick Montano,1468.8475037283445
Roland Payne,1468.8181327544894
Jeremy Jackson,1468.8119528402233
Teruto Ishihara,1468.7979438053455
Sam Fulton,1468.7969041939814
Danny Mitchell,1468.7641859926143
Justin Jones,1468.749309258758
Curtis Stout,1468.736306793522
Julie Kedzie,1468.736306793522
Alan Omer,1468.736306793522
Alexis Dufresne,1468.736306793522
Carls John De Tomas,1468.736306793522
Robert Lucarelli,1468.7180637498363
Jason Black,1468.7023986633528
Ericka Almeida,1468.7011136438014
Gadzhi Omargadzhiev,1468.6759350596315
Saeed Hosseini,1468.622157139509
Zane Frazier,1468.6133087411633
Mike Guymon,1468.6120222599907
Matt Horwich,1468.592291095088
He-Man Gipson,1468.5911019150576
Nick Fiore,1468.5873556158474
Jeff Cox,1468.5472178740274
Tucker Lutz,1468.5153845813873
Joao Pierini,1468.5106954722412
Kazuki Tokudome,1468.4898020938222
Darrell Horcher,1468.4860510286644
Konstantin Erokhin,1468.481351557574
Mike Stumpf,1468.4592724894012
Tom DeBlass,1468.4351711495312
Christian Colombo,1468.43334464019
Leo Kuntz,1468.4139022181798
Derrick Krantz,1468.3960704408746
Carlton Minus,1468.3572936528603
Papy Abedi,1468.3544933020946
Lucio Linhares,1468.349630553778
Tommy Hayden,1468.2381600632684
Kron Gracie,1468.205605946685
Josh Quinlan,1468.19279790958
Joseph Gigliotti,1468.192707865655
Tor Troeng,1468.1690926944561
Marcos Mariano,1468.1557490261002
Ryan Loder,1468.1421676505408
Dileno Lopes,1468.1364962411792
JC Cottrell,1468.1251734936375
Pat Schilling,1468.1007900555633
David Dodd,1468.0937098633724
Kay Hansen,1468.0661832347098
Aaron Rosa,1468.055750850877
Nick Aguirre,1468.0501885325682
Bernardo Magalhaes,1468.047293479616
Wes Combs,1468.0463854753248
Danny Abbadi,1468.0428408230816
Seo Hee Ham,1468.0352008081609
Marnic Mann,1468.034734787101
Nolan Ticman,1468.0339081301693
Chan-Mi Jeon,1468.0330604218163
Jim Wallhead,1468.028189553497
Shane Howell,1468.0137533959619
Mark Holst,1468.0015544510898
David Kaplan,1468.0
Colin Fletcher,1468.0
Razak Al-Hassan,1468.0
Lisa Ellis,1468.0
Hayder Hassan,1468.0
Jacob Kilburn,1468.0
Leonardo Morales,1468.0
Irina Alekseeva,1467.9918880442167
Yuri Villefort,1467.9866547429924
Johnny Rees,1467.9769013207867
Elias Garcia,1467.9756720404316
Carlos Candelario,1467.9675786085306
David Lee,1467.9654924995602
Dan Miller,1467.9202898583571
Michal Figlak,1467.9031730002907
Jordan Espinosa,1467.8472588197299
Humberto Bandenay,1467.839645680724
Rob Yundt,1467.782037770453
Dashon Johnson,1467.6976402760502
Leonardo Guimaraes,1467.6480329299316
Dennis Buzukja,1467.6309919357504
Rosi Sexton,1467.5808200580186
Besam Yousef,1467.5011205395822
Kyle Stewart,1467.4983489505537
Ricky Glenn,1467.4960006176718
Donny Walker,1467.410804760876
Josias Musasa,1467.3818961078296
Ali AlQaisi,1467.3584521550436
Motonobu Tezuka,1467.3020334820474
Hatsu Hioki,1467.2931454361255
Rin Nakai,1467.2819801968508
Ross Pointon,1467.279313147542
Chris Avila,1467.2655099860615
Daniel Sarafian,1467.2037757808928
Craig White,1467.1709384921342
Josh Stansbury,1467.1120245528684
Cain Carrizosa,1467.0724979016884
Saparbeg Safarov,1467.0427280341396
Aleksa Camur,1466.9493139964652
Eric Wisely,1466.9333681028786
Diyar Nurgozhay,1466.9172811755889
Emily Kagan,1466.9133973870532
Orion Cosce,1466.8243747224549
Jorge de Oliveira,1466.7715858448369
Jake Ellenberger,1466.7509971374973
Emily Whitmire,1466.744450876244
Reese Andy,1466.7130362579956
Joe Brammer,1466.7008229259059
Mallory Martin,1466.6087155458954
Tereza Bleda,1466.599716044339
Ariane da Silva,1466.597286935592
Yoislandy Izquierdo,1466.5840363458399
Maria Oliveira,1466.5598477214703
Nikolay Veretennikov,1466.4951701235238
Tom Watson,1466.482385188763
Artem Lobov,1466.422679891035
Frank Trigg,1466.3613188370118
Vik Grujic,1466.3278153215897
Andre Soukhamthath,1466.3195963443454
Steve Steinbeiss,1466.3065469724208
Steve Kennedy,1466.2617062621177
Ross Pearson,1466.2292887409312
Mike Rodriguez,1466.2234690579817
Luigi Vendramini,1466.1679636076983
Houston Alexander,1466.1374325791685
Mike Brown,1466.091087763324
Michael McBride,1465.9839060276377
Dwight Grant,1465.906856183886
Damien Brown,1465.8584122817588
Trevin Jones,1465.802434709966
Mike de la Torre,1465.7528786935056
Charalampos Grigoriou,1465.7030384507448
Brad Katona,1465.6728029502094
Felipe Colares,1465.6343892046727
Sean Salmon,1465.6259274940899
Roldan Sangcha'an,1465.6026983381103
Anshul Jubli,1465.567444770692
Yves Jabouin,1465.5487054608332
Yorgan De Castro,1465.5257426053963
Jason Gilliam,1465.4714747872938
Clay Collard,1465.3040856373102
Elise Reed,1465.1821248385388
Kevin Borjas,1465.1438361498726
Louis Gaudinot,1465.1228155981491
Miranda Granger,1465.107494545888
Rob Kimmons,1465.0671886652576
Akbarh Arreola,1465.0509634928592
Carlos Huachin,1465.0150614774836
Fabricio Camoes,1464.9926726845217
Jason Novelli,1464.8977102387141
Jenel Lausa,1464.8474575892099
Joachim Christensen,1464.7284806462399
Ivana Petrovic,1464.615115698342
Takashi Sato,1464.38120405843
Bobby Hoffman,1464.3798570263475
Mike Rio,1464.3075622938904
Milana Dudieva,1464.2736186983914
Jon Olav Einemo,1464.1162880403033
John Albert,1464.060905917606
Pete Williams,1464.0591266770768
Koji Oishi,1464.0361853117815
Chris Cope,1463.9050219556068
Allen Crowder,1463.823895469026
Kyle Bradley,1463.7007464955634
Denis Stojnic,1463.6904094978474
Cristiano Marcello,1463.6865074982193
Austin Arnett,1463.6809795407023
Ryan Couture,1463.6346443660113
Randa Markos,1463.6261650595084
Sarah Frota,1463.611436280613
Yoshihiro Akiyama,1463.6030573424332
Doug Evans,1463.5965733146572
Alvaro Herrera Mendoza,1463.381535804976
Anderson Dos Santos,1463.2768088902424
Mike Breeden,1463.2121253327314
James Irvin,1463.210943948929
Josh Fremd,1463.1318924833106
Justin Salas,1463.1311632194079
Carlo Pedersoli Jr.,1463.1269442803239
TJ O'Brien,1463.124079989766
Anthony Birchak,1463.060533674777
Hans Stringer,1463.0496835922077
Josh Copeland,1463.0220312175427
Shana Dobson,1462.955818607744
Anthony Christodoulou,1462.954945081319
Joey Gomez,1462.9377616909799
Yaotzin Meza,1462.88680385038
Sean Spencer,1462.820241002762
Pat Barry,1462.7976151687626
Callan Potter,1462.7384913217218
Kevin Jordan,1462.4453445908455
Yasuhiro Urushitani,1462.370211446961
Mark Eddiva,1462.333146899965
Steve Lopez,1462.3005305840281
Azamat Gashimov,1462.2860856348543
Ian Entwistle,1462.250535474753
Steve Berger,1462.2042522934632
Jesse Butler,1462.1855175899873
Michel Quinones,1462.1777526767075
Roxanne Modafferi,1462.1660585444579
Colton Smith,1462.0968697528626
Jeremy Kimball,1461.8597968042716
Christian Wellisch,1461.857125699459
Cortavious Romious,1461.8365682085941
Damian Stasiak,1461.8297879092513
Rafael Cavalcante,1461.801833068572
Yusuke Kasuya,1461.790825268944
Phil Hawes,1461.6785027831952
Sedriques Dumas,1461.6749836433464
Louis Cosce,1461.6002052361973
Jon Delos Reyes,1461.590199364961
Mariya Agapova,1461.567999876822
Tim Lajcik,1461.5476705028386
Caol Uno,1461.4411747877743
Brad Scott,1461.4325067734849
Te Edwards,1461.412429903246
Josh Neer,1461.4114845084925
Yohan Lainesse,1461.3235594848982
Ashkan Mokhtarian,1461.321201230234
Rodrigo de Lima,1461.317496708912
Alvin Robinson,1461.3096820061442
Nicolle Caliari,1461.2965343767023
Polyana Viana,1461.1969816270143
Royce Alger,1461.104460190283
John Cofer,1461.1034862312586
Mike Lullo,1461.1034862312586
Hector Ramirez,1461.0551873048753
Roberto Romero,1461.037457933921
Zhang Tiequan,1461.029779171626
Assuerio Silva,1460.9325570033589
Thomas Gifford,1460.849665847282
Quinn Mulhern,1460.8457734382007
Christophe Leninger,1460.8444446679382
David Zawada,1460.8251560123144
Kevin Aguilar,1460.8085665993078
Sarah Alpar,1460.794127735334
AJ Cunningham,1460.772655151682
Joe Soto,1460.7664861025166
Elvis Mutapcic,1460.6858200409827
Dhiego Lima,1460.6790558797736
Cyril Asker,1460.6614509465603
Jason Gonzalez,1460.6574377336012
Larissa Pacheco,1460.6428437158481
Renee Forte,1460.534432283614
Oli Thompson,1460.5247734109555
Jamey Simmons,1460.5003937525023
Vince Cachero,1460.4482431243105
Chris Fishgold,1460.4406295932079
James Bochnovic,1460.432742994537
Jeka Saragih,1460.3452797511845
Grigory Popov,1460.307496311963
Andre Fialho,1460.1164584968567
Amar Suloev,1460.0946336917964
Micheal Gillmore,1459.9834796326154
Luis Gurule,1459.8583659494661
Justin Levens,1459.8234828081384
Mats Nilsson,1459.812330909793
Vaughan Lee,1459.7700264985797
Richard Walsh,1459.5402558353715
Patrick Cummins,1459.5372252192624
Piotr Hallmann,1459.5207561213415
Erik Silva,1459.4983560310156
Daniel Pineda,1459.4371399276183
Claudio Ribeiro,1459.4320476792395
Phil Harris,1459.3780018415084
Ben Saunders,1459.3431504051573
CJ Vergara,1459.3329953152368
Duane Ludwig,1459.1861114381734
Andre Gusmao,1459.0938424035778
Jordan Griffin,1459.041420048612
Yao Zhikui,1459.0335849048042
Ashlee Evans-Smith,1459.0140934179624
Kelly Faszholz,1458.9763814932007
Kuniyoshi Hironaka,1458.9357728223715
Ricardo Romero,1458.8586092468547
KB Bhullar,1458.8456546796003
Alex Ricci,1458.7866868997567
Brandon Wolff,1458.7841790843136
Nate Mohr,1458.7778060317053
Alberto Crane,1458.7291121913693
Alberto Uda,1458.6996096763455
Vagner Rocha,1458.6933292935305
Bevon Lewis,1458.6248946342916
Horacio Gutierrez,1458.5914661235875
Matt Schnell,1458.4932799983026
Brendon Marotte,1458.4878806667227
Karl Roberson,1458.4775838259764
Johnny Munoz,1458.4692787255096
Alessio Di Chirico,1458.4637137919285
Oliver Enkamp,1458.4302729790418
Trevor Smith,1458.3878085069755
Guto Inocente,1458.342963505561
Chad Reiner,1458.2983701038672
Alex Soto,1458.276079842269
Jordan Radev,1458.2733124716224
Joseph Holmes,1458.263373053879
Michelle Waterson-Gomez,1458.249739964445
Seth Baczynski,1458.2088358249816
AJ Dobson,1458.1598604598944
Chris Heatherly,1458.0902986789336
Kyle Bochniak,1458.0745443079832
Gaetano Pirrello,1458.0280780525336
Barb Honchak,1458.0105593783326
Valeri Ignatov,1457.7879757194767
John Halverson,1457.7026032979957
Val Woodburn,1457.6136986758856
Rachael Ostovich,1457.5469968763332
Anthony Ivy,1457.4327472357013
Jason Young,1457.3415958588564
Manvel Gamburyan,1457.3173244407617
Tommy Speer,1457.2681967986516
Darrick Minner,1457.2626510165164
Paul Redmond,1457.252178468549
Jessica Rakoczy,1457.2517574734268
Brendan O'Reilly,1457.0594909180631
Kaynan Kruschewsky,1457.0334957357527
Richardson Moreira,1457.0105532785176
Mitch Ramirez,1456.9378877604845
Andreas Stahl,1456.9149248337603
Edward Faaloloto,1456.8955013695452
Brodie Farber,1456.877749339719
Hector Lombard,1456.8340248488153
Kazuhiro Nakamura,1456.7535154559132
Jason Miller,1456.7390527858995
Kris McCray,1456.7236433616824
Anna Elmose,1456.7227391910124
Travis Wiuff,1456.7206304694837
Steve Montgomery,1456.701660478491
Khalid Taha,1456.6309197251244
Luiz Dutra,1456.5253522283397
Dan Stittgen,1456.5232595808393
Sammy Morgan,1456.5232595808393
Jessin Ayari,1456.5065474432595
Jamie Varner,1456.5020458291892
Ansar Chalangov,1456.428293918108
Josh Shockley,1456.4129254358727
Dakota Bush,1456.3588034144843
Chris Price,1456.3508671550694
Syuri Kondo,1456.3388882215777
Ryan MacDonald,1456.283958033128
Shane del Rosario,1456.2418588412545
CJ Keith,1456.2278802178537
Talita Bernardo,1456.2086373389004
Gilbert Urbina,1456.1761624249227
Jessica Aguilar,1456.1247362875304
Reuben Duran,1456.0539390161346
Darrius Flowers,1456.0267386244916
Sarah Moras,1455.9514143532745
Xavier Foupa-Pokam,1455.9309158223348
Khama Worthy,1455.8738924532202
David Mitchell,1455.8613283635648
Gloria de Paula,1455.8471375292497
Marcio Alexandre Junior,1455.8242497458411
Ulysses Gomez,1455.821498730521
Katsunori Kikuno,1455.782383440989
Sam Stout,1455.7702206974232
Tresean Gore,1455.7237712625185
Paulo Thiago,1455.7234530255007
James Llontop,1455.6900434025465
Gerald Meerschaert,1455.6160914454558
Mark Striegl,1455.5852427667562
Alex Chambers,1455.5065428516587
Brandon Jenkins,1455.4175456948344
Luis Henrique,1455.387890197111
Leonardo Mafra,1455.3675329220794
Ivan Erslan,1455.2382845187537
Fabiano Scherner,1455.2266339432902
Chris Indich,1455.2
Salim Touahri,1455.1298115372317
Suman Mokhtarian,1455.0843172149473
Jose Maria,1455.0530956435366
Court McGee,1455.0344180923091
Mike Rhodes,1454.9927745895934
Rolando Dy,1454.8984832960155
Quang Le,1454.89690060044
Rob Wilkinson,1454.8932893083734
Kamal Shalorus,1454.8751804603296
Samy Schiavo,1454.86820316341
Jeff Hughes,1454.8671774055624
Joe Vedepo,1454.832535006843
Darian Weeks,1454.8302300399318
Anthony Lapsley,1454.6871909880015
John Phillips,1454.6541094097724
Joey Beltran,1454.6511140474952
Yanis Ghemmouri,1454.6021357562079
Patrick Williams,1454.6015564383765
Victor Valimaki,1454.5454968381052
Rodney Wallace,1454.4741800247295
Preston Parsons,1454.4683809777803
Luke Caudillo,1454.4631292452643
Nick Klein,1454.3811264249541
Kevin Casey,1454.3556943879507
Todd Brown,1454.340889738217
Blood Diamond,1454.289337211157
Jay Perrin,1454.124095907429
Kwan Ho Kwak,1454.0903672398285
Justin Ledet,1454.0346007300323
Dominique Steele,1453.9738228177916
Cristina Stanciu,1453.9287645991374
Jeff Curran,1453.8638754843362
Jessamyn Duke,1453.7925544445193
Chase Gormley,1453.7259254615508
Lucas Almeida,1453.7201984816463
Roger Bowling,1453.692309841027
Brad Imes,1453.5207436533465
Charles Rosa,1453.4952967010076
Shayna Baszler,1453.4811085705196
Norifumi Yamamoto,1453.4372872148977
Jocelyn Jones-Lybarger,1453.4004140017898
Jared Papazian,1453.239358114129
Andrea Lee,1453.2191372935356
Caio Machado,1453.207819220674
Marcelo Golm,1453.1592869046437
Junior Albini,1453.1174451839033
Drako Rodriguez,1452.9642079742734
Diego Saraiva,1452.8687899025779
Byron Bloodworth,1452.792285169755
Luis Ramos,1452.7428875439168
Ricky Rainey,1452.7274688594725
Rayanne dos Santos,1452.6641629125597
Tim Williams,1452.4934530029868
Kalindra Faria,1452.4640044035796
Martin Bravo,1452.4521852642556
Justin Eilers,1452.423428034043
Michael Patt,1452.3036148472193
Sean Sharaf,1452.2907675610068
Albert Morales,1452.1526660113402
Alptekin Ozkilic,1452.1266592276509
Damacio Page,1452.0981806521174
Philip De Fries,1452.0516573991913
Roque Martinez,1452.0361154583259
Daniel Frunza,1451.9764989002274
Eiji Mitsuoka,1451.6087169247846
Jessica Eye,1451.4752314658438
Austin Hubbard,1451.4615977561161
Sean O'Connell,1451.2504434806476
Jason Tan,1451.2248981234548
Dominic Waters,1451.1862167352501
Dong Hyun Ma,1450.9317423655762
Dustin Stoltzfus,1450.7104659916818
Hu Yaozong,1450.5741558630546
Gilbert Aldana,1450.5657862758674
Jesse Strader,1450.5329304369964
Alexandre Dantas,1450.4191281803462
Eddie Wineland,1450.2366917845782
Chris de la Rocha,1450.2203306877113
Henry Briones,1450.1477240046233
Collin Anglin,1450.1360420235537
Lina Lansberg,1450.0491923317556
Andreas Michailidis,1449.8883084808256
Edilberto de Oliveira,1449.8016986690748
Jack May,1449.7401511374771
William Macario,1449.6703953347908
Antonio Mendes,1449.4639925162764
Eric Schafer,1449.4485842129081
Bec Rawlings,1449.2582770932272
Bristol Marunde,1449.1862752162656
Joe Veres,1449.184889371259
Brad Morris,1449.184889371259
Antonio Trocoli,1449.1768318010047
Dusko Todorovic,1449.1763763531455
Marcin Bandel,1449.1303386316997
Richie Vaculik,1448.929510879984
Mike Massenzio,1448.8170825933391
Gilbert Melendez,1448.7064627275063
Anthony Perosh,1448.6998973130228
Henrique da Silva,1448.670744598731
Moti Horenstein,1448.6550351049548
Dan Moret,1448.591938561829
Colin Robinson,1448.4389899341165
George Roop,1448.4310992195417
Takenori Sato,1448.3623619109828
Lucas Alexander,1448.3283440886196
Jimmy Flick,1448.2208090831564
Danilo Belluardo,1448.2194850359422
Nam Phan,1448.189288578727
Lukasz Sajewski,1448.1825382594416
Dan Lauzon,1448.1204259849812
Dan Evensen,1448.0187077631635
Wendell Oliveira Marques,1448.0118542398225
Vinicius Salvador,1447.995235869114
Juan Adams,1447.9460844722514
Jason Reinhardt,1447.8918395761436
Teemu Packalen,1447.661238708445
Shane Young,1447.652796958286
Terrence Mitchell,1447.6005524206755
Herbert Burns,1447.5153536266134
Cameron Else,1447.506438736524
Christian Morecraft,1447.3971937868307
Kevin Croom,1447.2804424766982
Journey Newson,1447.275219356842
Thibault Gouti,1447.2381955712526
Brad Pickett,1447.200137251837
Zac Pauga,1447.0139298180836
Malcolm Gordon,1447.0072962575225
Liana Jojua,1446.326745456614
Matt Van Buren,1446.2136828335983
Zelim Imadaev,1446.1711754210492
Antonio Dos Santos,1446.1592413414128
Cody Gibson,1446.1458087582841
Mateus Mendonca,1446.1054732617729
Zarrukh Adashev,1446.101720390441
Antonio Arroyo,1446.0040893920943
Andrew Holbrook,1445.8172948526526
Brogan Walker,1445.8024800701805
Misha Cirkunov,1445.7733512630875
Angela Magana,1445.7542143250491
Mara Romero Borella,1445.6385798170695
Tafon Nchukwi,1445.6071548440368
Jordan Wright,1445.5372512136014
Vince Morales,1445.5258061592704
Cole Escovedo,1445.4558631974592
Jessica Penne,1445.4332719471795
Hannah Goldy,1445.4251478110702
Justin Buchholz,1445.364899123551
Daniel Teymur,1445.3099473776645
Joby Sanchez,1445.3065537604243
Wulijiburen,1445.1967151731285
Mitch Clarke,1445.1554792613877
Justin Jaynes,1445.1112287914948
Brendson Ribeiro,1444.831722728552
Joseph Sandoval,1444.7818672455107
Aalon Cruz,1444.7818672455107
Sheila Gaff,1444.7818672455107
Charlie Ward,1444.7818672455107
Cameron VanCamp,1444.5566110454051
Justin Edwards,1444.4873549719757
Cody Donovan,1444.4287247569741
Juan Manuel Puig,1444.3732527098414
Victor Rodriguez,1444.36070860858
Victor Martinez,1444.3079082225163
Marcin Prachnio,1444.2912194834528
Anton Zafir,1444.2635526648808
Garreth McLellan,1444.1433801687997
Felix Lee Mitchell,1444.1318112869212
Andy Enz,1444.1027322644493
Mickey Gall,1444.0547105389917
Rhys McKee,1444.0379432005184
Ji Yeon Kim,1443.8854652120867
Yoji Anjo,1443.864206332933
Phil Baroni,1443.7526097130326
Ben Wall,1443.5955815550694
Cesar Arzamendia,1443.5467560506358
Mark De La Rosa,1443.5409159820165
Steve Judson,1443.4651575621876
Wellington Turman,1443.457905375726
Jordan Williams,1443.2892265482612
Oluwale Bamgbose,1443.176647320763
Ramona Pascual,1443.1388159921876
Yusaku Kinoshita,1443.1278918409746
Brian Camozzi,1442.84203254545
Nick Penner,1442.7779308460488
Cody East,1442.7758183780036
Gabe Ruediger,1442.7248784520034
Sam Alvey,1442.667921662227
Markus Perez,1442.517506247089
Mizuto Hirota,1442.3094382253387
Diana Belbita,1442.2560272517978
Viktor Pesta,1442.2386933491111
Daniel Jolly,1442.1957803459075
Boston Salmon,1442.141796813835
Fabio Cherant,1442.1173988732426
Kiefer Crosbie,1441.99284320325
Jumabieke Tuerxun,1441.728025710865
Gabriel Miranda,1441.6694570893362
Will Campuzano,1441.5570213115168
Rolando Bedoya,1441.4565939803667
Rashad Coulter,1441.4002528287726
Marcelo Rojo,1441.3583922487062
Eric Spicely,1441.342294796561
Forrest Petz,1441.3334941905073
Hector Aldana,1441.3234535951237
Josh Parisian,1441.1414673461609
Niklas Stolze,1441.070715234208
Chris Tuchscherer,1440.7963606901649
Mike Santiago,1440.6428730929795
Denys Bondar,1440.6164678829903
Garett Whiteley,1440.5232595808393
Charles Byrd,1440.3330739525152
Dave Menne,1439.8667336533274
Gilbert Yvel,1439.802571110338
Dalcha Lungiambula,1439.6778748212969
Kyle Prepolec,1439.5482270471766
Aaron Phillips,1439.4923223580086
Josh Haynes,1439.4370187104994
Jesse Forbes,1439.411004527023
Jose Daniel Medina,1439.375649143021
Antonio Silva,1439.3052457519846
Dylan Budka,1439.2397775977665
Tonya Evinger,1439.1703853535212
Terrion Ware,1439.1345345090922
Gian Villante,1438.859693362543
Steve Cantwell,1438.6368851175664
Erick Gonzalez,1438.5785832018169
Gadzhimurad Antigulov,1438.5148471569437
Wes Sims,1438.4955901301034
Hannah Cifers,1438.197310383489
Igor Pokrajac,1438.1444039243322
Genaro Valdez,1438.0708788139386
Dave Herman,1437.7444097828109
Robert Valentin,1437.7390476875685
Vinny Magalhaes,1437.7003228994647
Jodie Esquibel,1437.484543344357
Estevan Payan,1437.3244657982693
Westin Wilson,1437.302775578106
Shane Campbell,1437.1361993666667
Toshiomi Kazama,1436.938060725763
Jorge Santiago,1436.8150961733638
SeungWoo Choi,1436.798422566031
Tim Hague,1436.6143018872845
Lucie Pudilova,1436.5641566966287
Matt Grice,1436.3260804199124
Mostapha Al-Turk,1436.1342165325648
Kevin Natividad,1436.0274387115223
Charlie Ontiveros,1435.897537765983
Alex Reyes,1435.8870606405405
Iliarde Santos,1435.8691525822933
Alan Baudot,1435.8567542827536
Austen Lane,1435.6540666895037
Pat Healy,1435.5518747901936
Bobby Voelker,1435.337849040461
Chris Dempsey,1435.101047222648
Jake Lindsey,1434.8199730803758
Darrell Montague,1434.4295757404768
Ryan Jensen,1434.3009188527415
Jared Hamman,1434.0801486967443
Edwin DeWees,1433.9015431564853
Jason Witt,1433.8072792743442
Gideon Ray,1433.493584953893
Mohammad Yahya,1433.4469422688376
John Alessio,1433.3114052093538
Connor Matthews,1432.9232289923036
Sabah Homasi,1432.8745036328482
Denis Tiuliulin,1432.8079069651872
Ihor Potieria,1432.6225003672255
Kurt Holobaugh,1432.4906148833652
Scott Jorgensen,1432.469436782913
Damian Grabowski,1432.4565943986934
Fernie Garcia,1432.2582764636513
Maki Pitolo,1432.191990318577
Keith Wisniewski,1431.9755771509597
Ruan Potts,1431.76845754115
Martin Day,1431.70705067118
Zarah Fairn,1431.3821078403846
Pete Sell,1431.1656019143602
Bojan Mihajlovic,1431.0351834301891
Bobby Nash,1431.0302009446314
Ashley Yoder,1431.0034428130361
Wu Yanan,1430.8562851534723
Tiki Ghosn,1430.7388708670164
Ricardo Funch,1430.3355282847901
Michihiro Omigawa,1430.2277626634364
Khadis Ibragimov,1430.215346249613
Josh Grispi,1430.083457722227
Charlie Brenneman,1429.745641611731
Aaron Riley,1429.3054434374546
Seth Petruzelli,1429.0924121780272
Daiju Takase,1429.0689080861123
Montserrat Conejo Ruiz,1429.0449974381265
Rafaello Oliveira,1428.7659325969898
Marvin Eastman,1428.7465904224778
Frank Camacho,1428.4885520527887
Jinh Yu Frey,1428.3509728267402
Jason MacDonald,1428.0979141047032
Kris Moutinho,1427.4154925788253
Jeremy Larsen,1427.0531174541056
Edgar Garcia,1426.731158928241
Anthony Hamilton,1426.6678216691128
Dmitrii Smoliakov,1426.6102179865193
Anton Turkalj,1426.426411761525
Tra Telligman,1426.4070979471717
Andy Ogle,1426.2162299603763
Leonard Garcia,1426.2113749177124
Sean Soriano,1426.0362456401651
Brandon Davis,1425.4049971658508
Dequan Townsend,1424.2257226427118
Takanori Gomi,1424.094079097846
Harry Hunsucker,1423.3468345958647
Shannon Ross,1423.3202081090626
Victoria Leonardo,1423.2752571822496
Jake Collier,1423.1730622014893
Dustin Pague,1423.1361293186835
Kailin Curran,1422.2556058885716
Julija Stoliarenko,1422.0946233619675
Phillipe Nover,1421.8651036310691
Joe Doerksen,1421.8574764473137
Julian Marquez,1420.9033303066856
Saimon Oliveira,1420.7607564339387
Jerome Rivera,1419.984923170031
Jesse Ronson,1419.911481008795
Rafael Cerqueira,1418.72579370514
Zhalgas Zhumagulov,1416.9642894570488
Jay Hieron,1416.7124652681973
Gina Mazany,1416.7091944553151
Naoyuki Kotani,1415.4185219891508
Alen Amedovski,1415.1173058864586
Chase Sherman,1414.6098616580477
Liang Na,1412.2527059607294
Jamie Pickett,1412.200180033235
JP Buys,1411.8901575576313
Istela Nunes,1411.1500318613066
Joshua Burkman,1410.8001809592126
Lukasz Brzeski,1409.5834486479557
Jared Vanderaa,1406.9727591848632
Elvis Sinosic,1406.762073949979
Vinicius Moreira,1406.5388377832019
Daniel Lacerda,1401.663634534307
Ike Villanueva,1396.559792830934
